,id,created_at,text,lang,hashtags,textlist,emoji,clean_text,filter_text,norm_text,lem,excitement,happy,pleasant,surprise,fear,angry,excitement_emoji,happy_emoji,pleasant_emoji,surprise_emoji,fear_emoji,angry_emoji,excitementclass,happyclass,pleasantclass,surpriseclass,fearclass,angryclass,max_value,max_idx
14028,1.2386156290679276e+18,Fri Mar 13 23:59:12 +0000 2020,"RT @amya_mcclain: I don’t care about the virus, this pollen is going to be what takes me out 🤧",en,[],[],🤧,": I don’t care about the virus, this pollen is going to be what takes me out 🤧",I ’ care virus pollen going takes 🤧,"['i', 'care', 'virus', 'pollen', 'going', 'takes']","i,care,virus,pollen,going,take",0,0,0,0,0,0,0,0,0,0,0,1,0,0,0,0,0,1,1,angryclass
23001,1.238669450603348e+18,Sat Mar 14 03:33:05 +0000 2020,RT @ericaaatorress: summer is so close and I’m still fat #depressed 🥺,en,"[{'text': 'depressed', 'indices': [57, 67]}]",['depressed'],🥺,: summer is so close and I’m still fat 🥺,summer close I ’ still fat 🥺,"['summer', 'close', 'i', 'still', 'fat']","summer,close,i,still,fat",0,0,0,0,0,1,0,0,0,0,0,0,0,0,0,0,0,1,1,angryclass
18634,1.2386368713762284e+18,Sat Mar 14 01:23:37 +0000 2020,why cant i play super smash bros for wii u on my wiiiiii! #annoyed #girlgamerproblems,en,"[{'text': 'annoyed', 'indices': [58, 66]}, {'text': 'girlgamerproblems', 'indices': [67, 85]}]","['annoyed', 'girlgamerproblems']",,why cant i play super smash bros for wii u on my wiiiiii!,cant play super smash bros wii u wiiiiii,"['ca', 'nt', 'play', 'super', 'smash', 'bros', 'wii', 'u', 'wiiiiii']","ca,nt,play,super,smash,bros,wii,u,wiiiiii",0,0,0,0,0,1,0,0,0,0,0,0,0,0,0,0,0,1,1,angryclass
762,1.2385987549465395e+18,Fri Mar 13 22:52:09 +0000 2020,"RT @TonyLeger88: Yup, this is for 2 small packs while we were actually running low at home  😡 couldn’t find any anywhere else, what a rip-o…",en,[],[],😡,": Yup, this is for small packs while we were actually running low at home couldn’t find any anywhere else, what a rip-o…",Yup small packs actually running low home ’ find anywhere else rip-o…,"['yup', 'small', 'packs', 'actually', 'running', 'low', 'home', 'find', 'anywhere', 'else', 'rip', 'o']","yup,small,pack,actually,running,low,home,find,anywhere,else,rip,o",0,0,0,0,0,0,0,0,0,0,0,1,0,0,0,0,0,1,1,angryclass
23282,1.2386704741854904e+18,Sat Mar 14 03:37:09 +0000 2020,RT @afterpartiesorg: 31 states have introduced hair discrimination bills #hair #HairLove #hairdiscrimination #discrimination #WaPo #Marylan…,en,"[{'text': 'hair', 'indices': [73, 78]}, {'text': 'HairLove', 'indices': [79, 88]}, {'text': 'hairdiscrimination', 'indices': [89, 108]}, {'text': 'discrimination', 'indices': [109, 124]}, {'text': 'WaPo', 'indices': [125, 130]}]","['hair', 'hairlove', 'hairdiscrimination', 'discrimination', 'wapo']",,: states have introduced hair discrimination bills …,states introduced hair discrimination bills …,"['states', 'introduced', 'hair', 'discrimination', 'bills']","state,introduced,hair,discrimination,bill",0,0,0,0,0,1,0,0,0,0,0,0,0,0,0,0,0,1,1,angryclass
26231,1.238682543668355e+18,Sat Mar 14 04:25:06 +0000 2020,".
Damn the @BLMWyoming to Hell and back. 🤬🤬🤬🤬🤬🤬🤬",en,[],[],🤬🤬🤬🤬🤬🤬🤬,. Damn the to Hell and back. 🤬🤬🤬🤬🤬🤬🤬,Damn Hell back 🤬🤬🤬🤬🤬🤬🤬,"['damn', 'hell', 'back']","damn,hell,back",0,0,0,0,0,0,0,0,0,0,0,7,0,0,0,0,0,7,7,angryclass
15615,1.2386162404254433e+18,Sat Mar 14 00:01:38 +0000 2020,RT @alfredmontej01: F*** a virus named Corona!!! All these ppl hella paranoid making certain supplies needed empty.. 😡😡,en,[],[],😡😡,: F*** a virus named Corona!!! All these ppl hella paranoid making certain supplies needed empty..,F*** virus named Corona All ppl hella paranoid making certain supplies needed empty..,"['f', 'virus', 'named', 'corona', 'all', 'ppl', 'hella', 'paranoid', 'making', 'certain', 'supplies', 'needed', 'empty']","f,virus,named,corona,all,ppl,hella,paranoid,making,certain,supply,needed,empty",0,0,0,0,0,0,0,0,0,0,0,2,0,0,0,0,0,2,2,angryclass
18129,1.2386172644690166e+18,Sat Mar 14 00:05:42 +0000 2020,"this fucking virus is ruining EVERYTHING 😡🤬 fuck the corona virus. empty or not im still gonna watch #SmackDown 

die hard #wwe fan",en,"[{'text': 'SmackDown', 'indices': [101, 111]}, {'text': 'wwe', 'indices': [123, 127]}]","['smackdown', 'wwe']",😡🤬,this fucking virus is ruining EVERYTHING 🤬 fuck the corona virus. empty or not im still gonna watch die hard fan,fucking virus ruining EVERYTHING 🤬 fuck corona virus empty im still gon na watch die hard fan,"['fucking', 'virus', 'ruining', 'everything', 'fuck', 'corona', 'virus', 'empty', 'i', 'm', 'still', 'gon', 'na', 'watch', 'die', 'hard', 'fan']","fucking,virus,ruining,everything,fuck,corona,virus,empty,i,m,still,gon,na,watch,die,hard,fan",0,0,0,0,0,0,0,0,0,0,0,2,0,0,0,0,0,2,2,angryclass
25409,1.2386794394724598e+18,Sat Mar 14 04:12:46 +0000 2020,What's with all the logo design companies friending me with the same art pics displayed? #annoyed. 😤,en,"[{'text': 'annoyed', 'indices': [89, 97]}]",['annoyed'],😤,What's with all the logo design companies friending me with the same art pics displayed? .,What 's logo design companies friending art pics displayed,"['what', 'logo', 'design', 'companies', 'friending', 'art', 'pics', 'displayed']","what,logo,design,company,friending,art,pic,displayed",0,0,0,0,0,1,0,0,0,0,0,1,0,0,0,0,0,2,2,angryclass
22400,1.2386671681050092e+18,Sat Mar 14 03:24:00 +0000 2020,RT @AidaGreenbury: I love this #COVID19 message from the Italian grandma. My favorite: there’s no vaccine for #discrimination https://t.co/…,en,"[{'text': 'COVID19', 'indices': [31, 39]}, {'text': 'discrimination', 'indices': [110, 125]}]","['covid19', 'discrimination']",,: I love this message from the Italian grandma. My favorite: there’s no vaccine for,I love message Italian grandma My favorite ’ vaccine,"['i', 'love', 'message', 'italian', 'grandma', 'my', 'favorite', 'vaccine']","i,love,message,italian,grandma,my,favorite,vaccine",0,0,0,0,0,1,0,0,0,0,0,0,0,0,0,0,0,1,1,angryclass
18835,1.2386549201879572e+18,Sat Mar 14 02:35:20 +0000 2020,Soooo much noise #annoyed,en,"[{'text': 'annoyed', 'indices': [17, 25]}]",['annoyed'],,Soooo much noise,Soooo much noise,"['soooo', 'much', 'noise']","soooo,much,noise",0,0,0,0,0,1,0,0,0,0,0,0,0,0,0,0,0,1,1,angryclass
5070,1.2386122849743503e+18,Fri Mar 13 23:45:55 +0000 2020,RT @SchoonerLita: As #coronapocalypse arrives LNP axes 333 jobs at the CSIRO. The people we need in these sorts of crisis.🤬 https://t.co/RS…,en,"[{'text': 'coronapocalypse', 'indices': [21, 37]}]",['coronapocalypse'],🤬,: As arrives LNP axes jobs at the CSIRO. The people we need in these sorts of crisis.🤬,As arrives LNP axes jobs CSIRO The people need sorts crisis.🤬,"['as', 'arrives', 'lnp', 'axes', 'jobs', 'csiro', 'the', 'people', 'need', 'sorts', 'crisis']","a,arrives,lnp,ax,job,csiro,the,people,need,sort,crisis",0,0,0,0,0,0,0,0,0,0,0,1,0,0,0,0,0,1,1,angryclass
9659,1.238613934627672e+18,Fri Mar 13 23:52:29 +0000 2020,RT @ylo_gang_: Please no disrespect ‼️‼️‼️‼️‼️‼️ You wonder where the virus come from 😡😡😡😡😆😆 https://t.co/gwhZJbwg4W,en,[],[],‼‼‼‼‼‼😡😡😡😡😆😆,: Please no disrespect ‼️‼️‼️‼️‼️‼️ You wonder where the virus come from,Please disrespect ‼️‼️‼️‼️‼️‼️ You wonder virus come,"['please', 'disrespect', 'you', 'wonder', 'virus', 'come']","please,disrespect,you,wonder,virus,come",0,0,0,0,0,0,0,2,0,0,0,4,0,2,0,0,0,4,4,angryclass
11766,1.2386147353539748e+18,Fri Mar 13 23:55:39 +0000 2020,"I eat ass, this corona virus doesn’t phase me. 😤",en,[],[],😤,"I eat ass, this corona virus doesn’t phase me.",I eat ass corona virus ’ phase,"['i', 'eat', 'ass', 'corona', 'virus', 'phase']","i,eat,as,corona,virus,phase",0,0,0,0,0,0,0,0,0,0,0,1,0,0,0,0,0,1,1,angryclass
8566,1.2386135316684268e+18,Fri Mar 13 23:50:52 +0000 2020,RT @ItsYoBoySwish: Corona virus better not catch me on the street 😤👊 https://t.co/Ja8mBWCMEO,en,[],[],😤👊,: Corona virus better not catch me on the street,Corona virus better catch street,"['corona', 'virus', 'better', 'catch', 'street']","corona,virus,better,catch,street",0,0,0,0,0,0,0,0,0,0,0,1,0,0,0,0,0,1,1,angryclass
19004,1.238655410883756e+18,Sat Mar 14 02:37:17 +0000 2020,How you got a mask and gloves on but using the subway bathroom 🤢🤦🏾‍♂️,en,[],[],🤢🤦🏾♂,How you got a mask and gloves on but using the subway bathroom 🤢🤦‍️,How got mask gloves using subway bathroom 🤢🤦‍️,"['how', 'got', 'mask', 'gloves', 'using', 'subway', 'bathroom']","how,got,mask,glove,using,subway,bathroom",0,0,0,0,0,0,0,0,0,0,0,1,0,0,0,0,0,1,1,angryclass
744,1.2385987499261624e+18,Fri Mar 13 22:52:08 +0000 2020,RT @mikavellixo: y’all really be out here sitting on public toilet seats??? 🤢,en,[],[],🤢,: y’all really be out here sitting on public toilet seats??? 🤢,’ really sitting public toilet seats 🤢,"['really', 'sitting', 'public', 'toilet', 'seats']","really,sitting,public,toilet,seat",0,0,0,0,0,0,0,0,0,0,0,1,0,0,0,0,0,1,1,angryclass
21108,1.2386624417618985e+18,Sat Mar 14 03:05:14 +0000 2020,sitting in the car listening to our walk up songs bc we won’t be able to hear them for the rest of the year . #depressed,en,"[{'text': 'depressed', 'indices': [110, 120]}]",['depressed'],,sitting in the car listening to our walk up songs bc we won’t be able to hear them for the rest of the year .,sitting car listening walk songs bc ’ able hear rest year,"['sitting', 'car', 'listening', 'walk', 'songs', 'bc', 'able', 'hear', 'rest', 'year']","sitting,car,listening,walk,song,bc,able,hear,rest,year",0,0,0,0,0,1,0,0,0,0,0,0,0,0,0,0,0,1,1,angryclass
5096,1.2386122933967053e+18,Fri Mar 13 23:45:57 +0000 2020,Why does anyone find it OK to call something coronavirus “testing” when THEY DON’T SEND A TEST FOR THE ACTUAL VIRUS? 🤬,en,[],[],🤬,Why does anyone find it OK to call something coronavirus “testing” when THEY DON’T SEND A TEST FOR THE ACTUAL VIRUS? 🤬,Why anyone find OK call something coronavirus “ testing ” THEY DON ’ T SEND A TEST FOR THE ACTUAL VIRUS 🤬,"['why', 'anyone', 'find', 'ok', 'call', 'something', 'coronavirus', 'testing', 'they', 'don', 't', 'send', 'a', 'test', 'for', 'the', 'actual', 'virus']","why,anyone,find,ok,call,something,coronavirus,testing,they,don,t,send,a,test,for,the,actual,virus",0,0,0,0,0,0,0,0,0,0,0,1,0,0,0,0,0,1,1,angryclass
5098,1.2386122940636078e+18,Fri Mar 13 23:45:57 +0000 2020,The entire state of Ohio has tested 209 people with 13 positive (6.2%) 😤,en,[],[],😤,The entire state of Ohio has tested people with positive (6.2%),The entire state Ohio tested people positive 6.2,"['the', 'entire', 'state', 'ohio', 'tested', 'people', 'positive']","the,entire,state,ohio,tested,people,positive",0,0,0,0,0,0,0,0,0,0,0,1,0,0,0,0,0,1,1,angryclass
4769,1.2386121800498135e+18,Fri Mar 13 23:45:30 +0000 2020,RT @CJperkins48: DEMOCRATS SHOULD BE IMPRISONED FOR STARTING ALL THIS HYSTERIA ABOUT THE VIRUS! THEY SURE DIDN'T DO THAT WITH NOBAMA🤬🤬🤬🤬 PE…,en,[],[],🤬🤬🤬🤬,: DEMOCRATS SHOULD BE IMPRISONED FOR STARTING ALL THIS HYSTERIA ABOUT THE VIRUS! THEY SURE DIDN'T DO THAT WITH NOBAMA🤬🤬🤬🤬 PE…,DEMOCRATS SHOULD BE IMPRISONED FOR STARTING ALL THIS HYSTERIA ABOUT THE VIRUS THEY SURE DID N'T DO THAT WITH NOBAMA🤬🤬🤬🤬 PE…,"['democrats', 'should', 'be', 'imprisoned', 'for', 'starting', 'all', 'this', 'hysteria', 'about', 'the', 'virus', 'they', 'sure', 'did', 'do', 'that', 'with', 'nobama', 'pe']","democrat,should,be,imprisoned,for,starting,all,this,hysteria,about,the,virus,they,sure,did,do,that,with,nobama,pe",0,0,0,0,0,0,0,0,0,0,0,4,0,0,0,0,0,4,4,angryclass
10789,1.238614365286232e+18,Fri Mar 13 23:54:11 +0000 2020,"RT @TheGreatFeather: Pelosi, 🤬🤬🤬, placing funding for abortions into a emergency bill for the CoVid virus? So now we have to kill a baby fo…",en,[],[],🤬🤬🤬,": Pelosi, 🤬🤬🤬, placing funding for abortions into a emergency bill for the CoVid virus? So now we have to kill a baby fo…",Pelosi 🤬🤬🤬 placing funding abortions emergency bill CoVid virus So kill baby fo…,"['pelosi', 'placing', 'funding', 'abortions', 'emergency', 'bill', 'covid', 'virus', 'so', 'kill', 'baby', 'fo']","pelosi,placing,funding,abortion,emergency,bill,covid,virus,so,kill,baby,fo",0,0,0,0,0,0,0,0,0,0,0,3,0,0,0,0,0,3,3,angryclass
596,1.2385987203898122e+18,Fri Mar 13 22:52:01 +0000 2020,RT @calebpressley: If these are the white ones just imagine the athletic ones 😤😤😤,en,[],[],😤😤😤,: If these are the white ones just imagine the athletic ones,If white ones imagine athletic ones,"['if', 'white', 'ones', 'imagine', 'athletic', 'ones']","if,white,one,imagine,athletic,one",0,0,0,0,0,0,0,0,0,0,0,3,0,0,0,0,0,3,3,angryclass
15606,1.238616236218626e+18,Sat Mar 14 00:01:37 +0000 2020,Corona virus bills are the absolute wrong place to sneak in other policies like abortion restrictions. 😤,en,[],[],😤,Corona virus bills are the absolute wrong place to sneak in other policies like abortion restrictions.,Corona virus bills absolute wrong place sneak policies like abortion restrictions,"['corona', 'virus', 'bills', 'absolute', 'wrong', 'place', 'sneak', 'policies', 'like', 'abortion', 'restrictions']","corona,virus,bill,absolute,wrong,place,sneak,policy,like,abortion,restriction",0,0,0,0,0,0,0,0,0,0,0,1,0,0,0,0,0,1,1,angryclass
1156,1.238598850992132e+18,Fri Mar 13 22:52:32 +0000 2020,a girl just trynna snuggle up get her self a hickey or two &amp; watch elite ugh STOOPID virus ni a la esquina me dejan salir 👎🏼,en,[],[],👎🏼,a girl just trynna snuggle up get her self a hickey or two &amp; watch elite ugh STOOPID virus ni a la esquina me dejan salir,girl trynna snuggle get self hickey two amp watch elite ugh STOOPID virus ni la esquina dejan salir,"['girl', 'trynna', 'snuggle', 'get', 'self', 'hickey', 'two', 'amp', 'watch', 'elite', 'ugh', 'stoopid', 'virus', 'ni', 'la', 'esquina', 'dejan', 'salir']","girl,trynna,snuggle,get,self,hickey,two,amp,watch,elite,ugh,stoopid,virus,ni,la,esquina,dejan,salir",0,0,0,0,0,0,0,0,0,0,0,1,0,0,0,0,0,1,1,angryclass
12965,1.2386152217254298e+18,Fri Mar 13 23:57:35 +0000 2020,RT @karismavyas_: I did not wait 12 years for some stupid virus to cancel my whole senior year😡,en,[],[],😡,: I did not wait years for some stupid virus to cancel my whole senior year,I wait years stupid virus cancel whole senior year,"['i', 'wait', 'years', 'stupid', 'virus', 'cancel', 'whole', 'senior', 'year']","i,wait,year,stupid,virus,cancel,whole,senior,year",0,0,0,0,0,0,0,0,0,0,0,1,0,0,0,0,0,1,1,angryclass
386,1.2385986748101632e+18,Fri Mar 13 22:51:50 +0000 2020,"RT @FelineFriendsUK: We have seen a post on FB about people dumping pets because of Corona virus. 😿👎

Feline coronavirus is species specifi…",en,[],[],😿👎,: We have seen a post on FB about people dumping pets because of Corona virus. Feline coronavirus is species specifi…,We seen post FB people dumping pets Corona virus Feline coronavirus species specifi…,"['we', 'seen', 'post', 'fb', 'people', 'dumping', 'pets', 'corona', 'virus', 'feline', 'coronavirus', 'species', 'specifi']","we,seen,post,fb,people,dumping,pet,corona,virus,feline,coronavirus,specie,specifi",0,0,0,0,0,0,0,0,0,0,0,1,0,0,0,0,0,1,1,angryclass
13230,1.2386153225733202e+18,Fri Mar 13 23:57:59 +0000 2020,Yall better leave some damn food &amp; Shit for these parents ppl. Got whole ass BABIES bruh y'all are trippin😤,en,[],[],😤,Yall better leave some damn food &amp; Shit for these parents ppl. Got whole ass BABIES bruh y'all are trippin,Yall better leave damn food amp Shit parents ppl Got whole ass BABIES bruh y'all trippin,"['yall', 'better', 'leave', 'damn', 'food', 'amp', 'shit', 'parents', 'ppl', 'got', 'whole', 'ass', 'babies', 'bruh', 'all', 'trippin']","yall,better,leave,damn,food,amp,shit,parent,ppl,got,whole,as,baby,bruh,all,trippin",0,0,0,0,0,0,0,0,0,0,0,1,0,0,0,0,0,1,1,angryclass
23660,1.2386720254949786e+18,Sat Mar 14 03:43:18 +0000 2020,I'm just so fucking angry all the time and I hate it😡😩 #tiredofthishit #justkillmenow #angry,en,"[{'text': 'tiredofthishit', 'indices': [55, 70]}, {'text': 'justkillmenow', 'indices': [71, 85]}, {'text': 'angry', 'indices': [86, 92]}]","['tiredofthishit', 'justkillmenow', 'angry']",😡😩,I'm just so fucking angry all the time and I hate it,I 'm fucking angry time I hate,"['i', 'm', 'fucking', 'angry', 'time', 'i', 'hate']","i,m,fucking,angry,time,i,hate",0,0,0,0,0,1,0,0,0,1,0,1,0,0,0,1,0,2,2,angryclass
24225,1.2386742799332147e+18,Sat Mar 14 03:52:16 +0000 2020,last weekend kay tag 99 ang 10 pcs nga face mask sa freelife dayn today kay tag 99 na ang 3 pcs? 🤢 people really do… https://t.co/6kHZbijd1c,en,[],[],🤢,last weekend kay tag ang pcs nga face mask sa freelife dayn today kay tag na ang pcs? 🤢 people really do…,last weekend kay tag ang pcs nga face mask sa freelife dayn today kay tag na ang pcs 🤢 people really do…,"['last', 'weekend', 'kay', 'tag', 'ang', 'pcs', 'nga', 'face', 'mask', 'sa', 'freelife', 'dayn', 'today', 'kay', 'tag', 'na', 'ang', 'pcs', 'people', 'really', 'do']","last,weekend,kay,tag,ang,pc,nga,face,mask,sa,freelife,dayn,today,kay,tag,na,ang,pc,people,really,do",0,0,0,0,0,0,0,0,0,0,0,1,0,0,0,0,0,1,1,angryclass
19725,1.238657751808643e+18,Sat Mar 14 02:46:35 +0000 2020,Mask On 🛥🎉😷 #masquerade #yacht #party #fridaythe13th #lit #maskON #water #yachtparty #mask #celebrate @ St. Pete Be… https://t.co/XgtNdKGUS6,en,"[{'text': 'masquerade', 'indices': [12, 23]}, {'text': 'yacht', 'indices': [24, 30]}, {'text': 'party', 'indices': [31, 37]}, {'text': 'fridaythe13th', 'indices': [38, 52]}, {'text': 'lit', 'indices': [53, 57]}, {'text': 'maskON', 'indices': [58, 65]}, {'text': 'water', 'indices': [66, 72]}, {'text': 'yachtparty', 'indices': [73, 84]}, {'text': 'mask', 'indices': [85, 90]}, {'text': 'celebrate', 'indices': [91, 101]}]","['masquerade', 'yacht', 'party', 'fridaythe13th', 'lit', 'maskon', 'water', 'yachtparty', 'mask', 'celebrate']",🛥🎉😷,Mask On St. Pete Be…,Mask On St. Pete Be…,"['mask', 'on', 'pete', 'be']","mask,on,pete,be",0,0,0,0,0,1,0,0,0,0,0,0,0,0,0,0,0,1,1,angryclass
8155,1.238613375401087e+18,Fri Mar 13 23:50:15 +0000 2020,RT @jasalexisss: Just bc im coughing doesn’t mean I have the corona virus 😡😡,en,[],[],😡😡,: Just bc im coughing doesn’t mean I have the corona virus,Just bc im coughing ’ mean I corona virus,"['just', 'bc', 'i', 'm', 'coughing', 'mean', 'i', 'corona', 'virus']","just,bc,i,m,coughing,mean,i,corona,virus",0,0,0,0,0,0,0,0,0,0,0,2,0,0,0,0,0,2,2,angryclass
19063,1.2386555537921024e+18,Sat Mar 14 02:37:51 +0000 2020,@ObafemiAwolowo5 Let me meet a chick and she pulls a whole mask off see if we don’t have some serious issues.😡😡😡,en,[],[],😡😡😡,Let me meet a chick and she pulls a whole mask off see if we don’t have some serious issues.,Let meet chick pulls whole mask see ’ serious issues,"['let', 'meet', 'chick', 'pulls', 'whole', 'mask', 'see', 'serious', 'issues']","let,meet,chick,pull,whole,mask,see,serious,issue",0,0,0,0,0,0,0,0,0,0,0,3,0,0,0,0,0,3,3,angryclass
2574,1.2386114935091937e+18,Fri Mar 13 23:42:46 +0000 2020,I can’t stand staying home all day because of my dad 🤮 Fuck virus,en,[],[],🤮,I can’t stand staying home all day because of my dad 🤮 Fuck virus,I ’ stand staying home day dad 🤮 Fuck virus,"['i', 'stand', 'staying', 'home', 'day', 'dad', 'fuck', 'virus']","i,stand,staying,home,day,dad,fuck,virus",0,0,0,0,0,0,0,0,0,0,0,1,0,0,0,0,0,1,1,angryclass
15822,1.2386163174874317e+18,Sat Mar 14 00:01:57 +0000 2020,"What's everyone doing tonight? I am so bored and frustrated I cant watch any of my teams playing, damn virus #CoronavirusPandemic 👎☹️",en,"[{'text': 'CoronavirusPandemic', 'indices': [109, 129]}]",['coronaviruspandemic'],👎☹,"What's everyone doing tonight? I am so bored and frustrated I cant watch any of my teams playing, damn virus ️",What 's everyone tonight I bored frustrated I cant watch teams playing damn virus ️,"['what', 'everyone', 'tonight', 'i', 'bored', 'frustrated', 'i', 'ca', 'nt', 'watch', 'teams', 'playing', 'damn', 'virus']","what,everyone,tonight,i,bored,frustrated,i,ca,nt,watch,team,playing,damn,virus",0,0,0,0,0,0,0,0,0,0,0,1,0,0,0,0,0,1,1,angryclass
19272,1.2386562185555436e+18,Sat Mar 14 02:40:30 +0000 2020,"#Mask #Production Line
Video link add https://t.co/rr8jaKMmf5
Finally, I hope to all well.
#COVID2019 #coronavirus… https://t.co/F3vebNUPL7",en,"[{'text': 'Mask', 'indices': [0, 5]}, {'text': 'Production', 'indices': [6, 17]}, {'text': 'COVID2019', 'indices': [91, 101]}, {'text': 'coronavirus', 'indices': [102, 114]}]","['mask', 'production', 'covid2019', 'coronavirus']",,"Line Video link add Finally, I hope to all well. …",Line Video link add Finally I hope well …,"['line', 'video', 'link', 'add', 'finally', 'i', 'hope', 'well']","line,video,link,add,finally,i,hope,well",0,0,0,0,0,1,0,0,0,0,0,0,0,0,0,0,0,1,1,angryclass
16064,1.2386164138639565e+18,Sat Mar 14 00:02:20 +0000 2020,@LostMonk71 @DoodlesTrks @IngrahamAngle @seanmdav Virus 🦠 or puddle of puke 🤮? 😂,en,[],[],🦠🤮😂,Virus 🦠 or puddle of puke 🤮?,Virus 🦠 puddle puke 🤮,"['virus', 'puddle', 'puke']","virus,puddle,puke",0,0,0,0,0,0,0,0,0,0,0,1,0,0,0,0,0,1,1,angryclass
20027,1.2386587794968617e+18,Sat Mar 14 02:50:40 +0000 2020,"#mask #N95mask #COVID2019 #coronavirusuk #COVID_19uk #CoronaVirusDE We provide masks in stock,DDP shipping to US an… https://t.co/Pv6YChNhrg",en,"[{'text': 'mask', 'indices': [0, 5]}, {'text': 'N95mask', 'indices': [6, 14]}, {'text': 'COVID2019', 'indices': [15, 25]}, {'text': 'coronavirusuk', 'indices': [26, 40]}, {'text': 'COVID_19uk', 'indices': [41, 52]}, {'text': 'CoronaVirusDE', 'indices': [53, 67]}]","['mask', 'n95mask', 'covid2019', 'coronavirusuk', 'covid_19uk', 'coronavirusde']",,"We provide masks in stock,DDP shipping to US an…",We provide masks stock DDP shipping US an…,"['we', 'provide', 'masks', 'stock', 'ddp', 'shipping', 'us', 'an']","we,provide,mask,stock,ddp,shipping,u,an",0,0,0,0,0,1,0,0,0,0,0,0,0,0,0,0,0,1,1,angryclass
20364,1.238659895081263e+18,Sat Mar 14 02:55:06 +0000 2020,"2020, get bent!!! #depressed",en,"[{'text': 'depressed', 'indices': [18, 28]}]",['depressed'],,", get bent!!!",get bent,"['get', 'bent']","get,bent",0,0,0,0,0,1,0,0,0,0,0,0,0,0,0,0,0,1,1,angryclass
20056,1.2386588998357484e+18,Sat Mar 14 02:51:09 +0000 2020,"RT @JazelllMytay: Face mask and blunt type night. Self care if you will , since ain’t no one else takin’ care of me 🤧",en,[],[],🤧,": Face mask and blunt type night. Self care if you will , since ain’t no one else takin’ care of me 🤧",Face mask blunt type night Self care since ’ one else takin ’ care 🤧,"['face', 'mask', 'blunt', 'type', 'night', 'self', 'care', 'since', 'one', 'else', 'takin', 'care']","face,mask,blunt,type,night,self,care,since,one,else,takin,care",0,0,0,0,0,0,0,0,0,0,0,1,0,0,0,0,0,1,1,angryclass
22806,1.2386686860947907e+18,Sat Mar 14 03:30:02 +0000 2020,The 250 person restriction in #California is such blatant evidence of #discrimination by the system. With rules lik… https://t.co/hZGToj6Lim,en,"[{'text': 'California', 'indices': [30, 41]}, {'text': 'discrimination', 'indices': [70, 85]}]","['california', 'discrimination']",,The person restriction in is such blatant evidence of by the system. With rules lik…,The person restriction blatant evidence system With rules lik…,"['the', 'person', 'restriction', 'blatant', 'evidence', 'system', 'with', 'rules', 'lik']","the,person,restriction,blatant,evidence,system,with,rule,lik",0,0,0,0,0,1,0,0,0,0,0,0,0,0,0,0,0,1,1,angryclass
20050,1.2386588724302643e+18,Sat Mar 14 02:51:03 +0000 2020,"@johnisthewarlus boomer memes: 😃🤬🥱😤😤
millennial memes: #spongebob #inthiseconomy #patriarchy #feminism #depressed #teenmom",en,"[{'text': 'spongebob', 'indices': [55, 65]}, {'text': 'inthiseconomy', 'indices': [66, 80]}, {'text': 'patriarchy', 'indices': [81, 92]}, {'text': 'feminism', 'indices': [93, 102]}, {'text': 'depressed', 'indices': [103, 113]}, {'text': 'teenmom', 'indices': [114, 122]}]","['spongebob', 'inthiseconomy', 'patriarchy', 'feminism', 'depressed', 'teenmom']",😃🤬🥱😤😤,boomer memes: 🤬🥱 millennial memes:,boomer memes 🤬🥱 millennial memes,"['boomer', 'memes', 'millennial', 'memes']","boomer,meme,millennial,meme",0,0,0,0,0,1,1,0,0,0,0,3,1,0,0,0,0,4,4,angryclass
3716,1.2386118413513236e+18,Fri Mar 13 23:44:09 +0000 2020,same sis 🤧,en,[],[],🤧,same sis 🤧,sis 🤧,['sis'],si,0,0,0,0,0,0,0,0,0,0,0,1,0,0,0,0,0,1,1,angryclass
2587,1.2386114977707786e+18,Fri Mar 13 23:42:48 +0000 2020,this virus showed me that some people are dirty about their hygiene 🤢,en,[],[],🤢,this virus showed me that some people are dirty about their hygiene 🤢,virus showed people dirty hygiene 🤢,"['virus', 'showed', 'people', 'dirty', 'hygiene']","virus,showed,people,dirty,hygiene",0,0,0,0,0,0,0,0,0,0,0,1,0,0,0,0,0,1,1,angryclass
27158,1.2386866631964467e+18,Sat Mar 14 04:41:28 +0000 2020,"Hope All My Niggas All Good
During The #Virus Goin Around
I Left Too Cop Dope 😤😤😤😤
Now Im Coughin Up The Dope",en,"[{'text': 'Virus', 'indices': [39, 45]}]",['virus'],😤😤😤😤,Hope All My Niggas All Good During The Goin Around I Left Too Cop Dope Now Im Coughin Up The Dope,Hope All My Niggas All Good During The Goin Around I Left Too Cop Dope Now Im Coughin Up The Dope,"['hope', 'all', 'my', 'niggas', 'all', 'good', 'during', 'the', 'goin', 'around', 'i', 'left', 'too', 'cop', 'dope', 'now', 'i', 'm', 'coughin', 'up', 'the', 'dope']","hope,all,my,nigga,all,good,during,the,goin,around,i,left,too,cop,dope,now,i,m,coughin,up,the,dope",0,0,0,0,0,0,0,0,0,0,0,4,0,0,0,0,0,4,4,angryclass
13948,1.238615599141421e+18,Fri Mar 13 23:59:05 +0000 2020,And I blame him for the virus even being here in the first place 😡,en,[],[],😡,And I blame him for the virus even being here in the first place,And I blame virus even first place,"['and', 'i', 'blame', 'virus', 'even', 'first', 'place']","and,i,blame,virus,even,first,place",0,0,0,0,0,0,0,0,0,0,0,1,0,0,0,0,0,1,1,angryclass
7354,1.2386130779328717e+18,Fri Mar 13 23:49:04 +0000 2020,"RT @kdub477: If we die we must die lit , this virus ain’t stopping us , 2020 should be lit as we said 😤",en,[],[],😤,": If we die we must die lit , this virus ain’t stopping us , should be lit as we said",If die must die lit virus ’ stopping us lit said,"['if', 'die', 'must', 'die', 'lit', 'virus', 'stopping', 'us', 'lit', 'said']","if,die,must,die,lit,virus,stopping,u,lit,said",0,0,0,0,0,0,0,0,0,0,0,1,0,0,0,0,0,1,1,angryclass
26474,1.2386836080193577e+18,Sat Mar 14 04:29:20 +0000 2020,XXXTentacion &amp; Ski Mask The Slump God reuniting at Rolling Loud 2018 😔😔🤧,en,[],[],😔😔🤧,XXXTentacion &amp; Ski Mask The Slump God reuniting at Rolling Loud 🤧,XXXTentacion amp Ski Mask The Slump God reuniting Rolling Loud 🤧,"['xxxtentacion', 'amp', 'ski', 'mask', 'the', 'slump', 'god', 'reuniting', 'rolling', 'loud']","xxxtentacion,amp,ski,mask,the,slump,god,reuniting,rolling,loud",0,0,0,0,0,0,0,0,0,0,0,1,0,0,0,0,0,1,1,angryclass
23270,1.2386704368769925e+18,Sat Mar 14 03:37:00 +0000 2020,"https://t.co/WEBvH7satp on Sedo auction, Start with $500. No reserve

Direct LINK: https://t.co/TY5aWUtF8R

#Mask… https://t.co/6spDmR7g4o",en,"[{'text': 'Mask', 'indices': [108, 113]}]",['mask'],,"on Sedo auction, Start with $500. No reserve Direct LINK: …",Sedo auction Start 500 No reserve Direct LINK …,"['sedo', 'auction', 'start', '500', 'no', 'reserve', 'direct', 'link']","sedo,auction,start,500,no,reserve,direct,link",0,0,0,0,0,1,0,0,0,0,0,0,0,0,0,0,0,1,1,angryclass
26192,1.2386824262825124e+18,Sat Mar 14 04:24:38 +0000 2020,@RinmeikanGranny Give her a horse mask for Shiori’s horse kink 🤧,en,[],[],🤧,Give her a horse mask for Shiori’s horse kink 🤧,Give horse mask Shiori ’ horse kink 🤧,"['give', 'horse', 'mask', 'shiori', 'horse', 'kink']","give,horse,mask,shiori,horse,kink",0,0,0,0,0,0,0,0,0,0,0,1,0,0,0,0,0,1,1,angryclass
22974,1.238669321339011e+18,Sat Mar 14 03:32:34 +0000 2020,"I just wanna watch @OmahaBSB  and @easton_smith23  get them a W.. is this too much to ask!!
#nosports  #depressed",en,"[{'text': 'nosports', 'indices': [92, 101]}, {'text': 'depressed', 'indices': [103, 113]}]","['nosports', 'depressed']",,I just wanna watch and get them a W.. is this too much to ask!!,I wan na watch get W.. much ask,"['i', 'wan', 'na', 'watch', 'get', 'w', 'much', 'ask']","i,wan,na,watch,get,w,much,ask",0,0,0,0,0,1,0,0,0,0,0,0,0,0,0,0,0,1,1,angryclass
10907,1.2386144071621222e+18,Fri Mar 13 23:54:21 +0000 2020,This virus ain’t messing up my mood 🤧 ... RIP POP SMOKE 💨 https://t.co/EzAQ3iOGcP,en,[],[],🤧💨,This virus ain’t messing up my mood 🤧 ... RIP POP SMOKE,This virus ’ messing mood 🤧 ... RIP POP SMOKE,"['this', 'virus', 'messing', 'mood', 'rip', 'pop', 'smoke']","this,virus,messing,mood,rip,pop,smoke",0,0,0,0,0,0,0,0,0,0,0,1,0,0,0,0,0,1,1,angryclass
6399,1.2386127348680622e+18,Fri Mar 13 23:47:42 +0000 2020,"RT @ShotsRangOut: Talk about taking advantage of a situation. 
&amp; there is not even one case of the #ChineseVirus in her area 🤬

Banning the…",en,"[{'text': 'ChineseVirus', 'indices': [103, 116]}]",['chinesevirus'],🤬,: Talk about taking advantage of a situation. &amp; there is not even one case of the in her area 🤬 Banning the…,Talk taking advantage situation amp even one case area 🤬 Banning the…,"['talk', 'taking', 'advantage', 'situation', 'amp', 'even', 'one', 'case', 'area', 'banning', 'the']","talk,taking,advantage,situation,amp,even,one,case,area,banning,the",0,0,0,0,0,0,0,0,0,0,0,1,0,0,0,0,0,1,1,angryclass
9184,1.2386137532032492e+18,Fri Mar 13 23:51:45 +0000 2020,Imagine dying from corona virus and niggas are out here making songs about it 😡😡😡,en,[],[],😡😡😡,Imagine dying from corona virus and niggas are out here making songs about it,Imagine dying corona virus niggas making songs,"['imagine', 'dying', 'corona', 'virus', 'niggas', 'making', 'songs']","imagine,dying,corona,virus,nigga,making,song",0,0,0,0,0,0,0,0,0,0,0,3,0,0,0,0,0,3,3,angryclass
3637,1.2386118193269268e+18,Fri Mar 13 23:44:04 +0000 2020,@TeamTrump If Obama was President You wouldn’t be hearing anything about the virus from crap places like cnn 😡 good for nothing media 😡😡😡👎,en,[],[],😡😡😡😡👎,If Obama was President You wouldn’t be hearing anything about the virus from crap places like cnn good for nothing media,If Obama President You ’ hearing anything virus crap places like cnn good nothing media,"['if', 'obama', 'president', 'you', 'hearing', 'anything', 'virus', 'crap', 'places', 'like', 'cnn', 'good', 'nothing', 'media']","if,obama,president,you,hearing,anything,virus,crap,place,like,cnn,good,nothing,medium",0,0,0,0,0,0,0,0,0,0,0,5,0,0,0,0,0,5,5,angryclass
13798,1.2386155438941962e+18,Fri Mar 13 23:58:52 +0000 2020,I found the cure for the virus going around...  🤷‍♀️🤢😬 #Nashville #crickets https://t.co/s1H76W8mLj,en,"[{'text': 'Nashville', 'indices': [55, 65]}, {'text': 'crickets', 'indices': [66, 75]}]","['nashville', 'crickets']",🤷♀🤢😬,I found the cure for the virus going around... 🤷‍️🤢,I found cure virus going around ... 🤷‍️🤢,"['i', 'found', 'cure', 'virus', 'going', 'around']","i,found,cure,virus,going,around",0,0,0,0,0,0,0,0,0,0,0,1,0,0,0,0,0,1,1,angryclass
18932,1.2386552074305946e+18,Sat Mar 14 02:36:29 +0000 2020,"@misamaokinawa Where's your face mask incel?? 🤢 Stay away, don't touch my replies.",en,[],[],🤢,"Where's your face mask incel?? 🤢 Stay away, don't touch my replies.",Where 's face mask incel 🤢 Stay away n't touch replies,"['where', 'face', 'mask', 'incel', 'stay', 'away', 'touch', 'replies']","where,face,mask,incel,stay,away,touch,reply",0,0,0,0,0,0,0,0,0,0,0,1,0,0,0,0,0,1,1,angryclass
26345,1.238683055314948e+18,Sat Mar 14 04:27:08 +0000 2020,Should've bought the meat I wanted last week #annoyed https://t.co/PLfhbIY15o,en,"[{'text': 'annoyed', 'indices': [45, 53]}]",['annoyed'],,Should've bought the meat I wanted last week,Should 've bought meat I wanted last week,"['should', 've', 'bought', 'meat', 'i', 'wanted', 'last', 'week']","should,ve,bought,meat,i,wanted,last,week",0,0,0,0,0,1,0,0,0,0,0,0,0,0,0,0,0,1,1,angryclass
26346,1.2386830585193595e+18,Sat Mar 14 04:27:09 +0000 2020,This nigga got a mask on talkin bout the corona virus but passing round the bottle like it’s a Dutch 🤧,en,[],[],🤧,This nigga got a mask on talkin bout the corona virus but passing round the bottle like it’s a Dutch 🤧,This nigga got mask talkin bout corona virus passing round bottle like ’ Dutch 🤧,"['this', 'nigga', 'got', 'mask', 'talkin', 'bout', 'corona', 'virus', 'passing', 'round', 'bottle', 'like', 'dutch']","this,nigga,got,mask,talkin,bout,corona,virus,passing,round,bottle,like,dutch",0,0,0,0,0,0,0,0,0,0,0,1,0,0,0,0,0,1,1,angryclass
3077,1.2386116439672586e+18,Fri Mar 13 23:43:22 +0000 2020,RT @sissyycx: Virus going around and y’all still seshing up with your 6 homies hitting the same blunt 🤢🤢🤮🤮 couldn’t be me,en,[],[],🤢🤢🤮🤮,: Virus going around and y’all still seshing up with your homies hitting the same blunt 🤢🤢🤮🤮 couldn’t be me,Virus going around ’ still seshing homies hitting blunt 🤢🤢🤮🤮 ’,"['virus', 'going', 'around', 'still', 'seshing', 'homies', 'hitting', 'blunt']","virus,going,around,still,seshing,homies,hitting,blunt",0,0,0,0,0,0,0,0,0,0,0,4,0,0,0,0,0,4,4,angryclass
12451,1.2386150047248425e+18,Fri Mar 13 23:56:44 +0000 2020,this virus got y'all revealing how dirty y'all actually are 🤮🤮,en,[],[],🤮🤮,this virus got y'all revealing how dirty y'all actually are 🤮🤮,virus got y'all revealing dirty y'all actually 🤮🤮,"['virus', 'got', 'all', 'revealing', 'dirty', 'all', 'actually']","virus,got,all,revealing,dirty,all,actually",0,0,0,0,0,0,0,0,0,0,0,2,0,0,0,0,0,2,2,angryclass
22906,1.238669035920937e+18,Sat Mar 14 03:31:26 +0000 2020,🧝🏻‍♀️ + “YOU WERE NOT CREATED TO LIVE #DEPRESSED; #GUILTY; #CONDEMNED; #ASHAMED; #UNWORTHY! YOU WERE CREATED TO BE… https://t.co/za74BbLDY2,en,"[{'text': 'DEPRESSED', 'indices': [38, 48]}, {'text': 'GUILTY', 'indices': [50, 57]}, {'text': 'CONDEMNED', 'indices': [59, 69]}, {'text': 'ASHAMED', 'indices': [71, 79]}, {'text': 'UNWORTHY', 'indices': [81, 90]}]","['depressed', 'guilty', 'condemned', 'ashamed', 'unworthy']",🧝🏻♀,🧝‍️ + “YOU WERE NOT CREATED TO LIVE ; ; ; ; ! YOU WERE CREATED TO BE…,🧝‍️ “ YOU WERE NOT CREATED TO LIVE YOU WERE CREATED TO BE…,"['you', 'were', 'not', 'created', 'to', 'live', 'you', 'were', 'created', 'to', 'be']","you,were,not,created,to,live,you,were,created,to,be",0,0,0,0,0,1,0,0,0,0,0,0,0,0,0,0,0,1,1,angryclass
25719,1.2386808290789704e+18,Sat Mar 14 04:18:17 +0000 2020,# black dot facial mask #face #made #mask #pores #powerful https://t.co/4qUCMG5KqD,en,"[{'text': 'face', 'indices': [24, 29]}, {'text': 'made', 'indices': [30, 35]}, {'text': 'mask', 'indices': [36, 41]}, {'text': 'pores', 'indices': [42, 48]}, {'text': 'powerful', 'indices': [49, 58]}]","['face', 'made', 'mask', 'pores', 'powerful']",,black dot facial mask,black dot facial mask,"['black', 'dot', 'facial', 'mask']","black,dot,facial,mask",0,0,0,0,0,1,0,0,0,0,0,0,0,0,0,0,0,1,1,angryclass
16933,1.2386167868468265e+18,Sat Mar 14 00:03:49 +0000 2020,someone deadass posted a video at the nail salon saying she gonna get corona virus but “fuck it” bitch deadass?? 🤢 y’all disgust me,en,[],[],🤢,someone deadass posted a video at the nail salon saying she gonna get corona virus but “fuck it” bitch deadass?? 🤢 y’all disgust me,someone deadass posted video nail salon saying gon na get corona virus “ fuck ” bitch deadass 🤢 ’ disgust,"['someone', 'deadass', 'posted', 'video', 'nail', 'salon', 'saying', 'gon', 'na', 'get', 'corona', 'virus', 'fuck', 'bitch', 'deadass', 'disgust']","someone,deadass,posted,video,nail,salon,saying,gon,na,get,corona,virus,fuck,bitch,deadass,disgust",0,0,0,0,0,0,0,0,0,0,0,1,0,0,0,0,0,1,1,angryclass
668,1.2385987343987917e+18,Fri Mar 13 22:52:04 +0000 2020,@airlieyoungsonn has corona virus everyone stay clear 🤢 🦠,en,[],[],🤢🦠,has corona virus everyone stay clear 🤢 🦠,corona virus everyone stay clear 🤢 🦠,"['corona', 'virus', 'everyone', 'stay', 'clear']","corona,virus,everyone,stay,clear",0,0,0,0,0,0,0,0,0,0,0,1,0,0,0,0,0,1,1,angryclass
25686,1.238680686673961e+18,Sat Mar 14 04:17:43 +0000 2020,"RT @dnahinga: High noon. Sweeping filthy streets with no mask. 

Why? 🤐😤😷 https://t.co/2DVQxeVcjg",en,[],[],🤐😤😷,: High noon. Sweeping filthy streets with no mask. Why? 🤐,High noon Sweeping filthy streets mask Why 🤐,"['high', 'noon', 'sweeping', 'filthy', 'streets', 'mask', 'why']","high,noon,sweeping,filthy,street,mask,why",0,0,0,0,0,0,0,0,0,0,0,1,0,0,0,0,0,1,1,angryclass
23812,1.2386725943179305e+18,Sat Mar 14 03:45:34 +0000 2020,I found a funny mask at online store. 🧐#mask #nosemask https://t.co/UO95vi8rpf,en,"[{'text': 'mask', 'indices': [39, 44]}, {'text': 'nosemask', 'indices': [45, 54]}]","['mask', 'nosemask']",🧐,I found a funny mask at online store. 🧐,I found funny mask online store 🧐,"['i', 'found', 'funny', 'mask', 'online', 'store']","i,found,funny,mask,online,store",0,0,0,0,0,1,0,0,0,0,0,0,0,0,0,0,0,1,1,angryclass
19875,1.2386582114918605e+18,Sat Mar 14 02:48:25 +0000 2020,RT @Echinanews: A #mask factory in eastern China's Zhejiang Province has operated around the clock to help meet the demand for supplies. It…,en,"[{'text': 'mask', 'indices': [18, 23]}]",['mask'],,: A factory in eastern China's Zhejiang Province has operated around the clock to help meet the demand for supplies. It…,A factory eastern China 's Zhejiang Province operated around clock help meet demand supplies It…,"['a', 'factory', 'eastern', 'china', 'zhejiang', 'province', 'operated', 'around', 'clock', 'help', 'meet', 'demand', 'supplies', 'it']","a,factory,eastern,china,zhejiang,province,operated,around,clock,help,meet,demand,supply,it",0,0,0,0,0,1,0,0,0,0,0,0,0,0,0,0,0,1,1,angryclass
11170,1.238614509507367e+18,Fri Mar 13 23:54:46 +0000 2020,"@DVATW What a impudent &amp; unscrupulous CCP propaganda! 🤬

Covered and controlled information of #WuhanCoronavirus at… https://t.co/EmynDmCBd2",en,"[{'text': 'WuhanCoronavirus', 'indices': [99, 116]}]",['wuhancoronavirus'],🤬,What a impudent &amp; unscrupulous CCP propaganda! 🤬 Covered and controlled information of at…,What impudent amp unscrupulous CCP propaganda 🤬 Covered controlled information at…,"['what', 'impudent', 'amp', 'unscrupulous', 'ccp', 'propaganda', 'covered', 'controlled', 'information', 'at']","what,impudent,amp,unscrupulous,ccp,propaganda,covered,controlled,information,at",0,0,0,0,0,0,0,0,0,0,0,1,0,0,0,0,0,1,1,angryclass
24849,1.238676949444309e+18,Sat Mar 14 04:02:52 +0000 2020,"Fear of anger and avoidance of conflict 
#anger
https://t.co/bSAstA5EAg",en,"[{'text': 'anger', 'indices': [41, 47]}]",['anger'],,Fear of anger and avoidance of conflict,Fear anger avoidance conflict,"['fear', 'anger', 'avoidance', 'conflict']","fear,anger,avoidance,conflict",0,0,0,0,0,1,0,0,0,0,0,0,0,0,0,0,0,1,1,angryclass
19443,1.2386567936994222e+18,Sat Mar 14 02:42:47 +0000 2020,"RT @TheTwinPowers: Seeing cruelty can make us #angry, instead let it strengthen your resolve to be compassionate and #loving. 

.

#bestron…",en,"[{'text': 'angry', 'indices': [46, 52]}, {'text': 'loving', 'indices': [117, 124]}]","['angry', 'loving']",,": Seeing cruelty can make us , instead let it strengthen your resolve to be compassionate and . . …",Seeing cruelty make us instead let strengthen resolve compassionate …,"['seeing', 'cruelty', 'make', 'us', 'instead', 'let', 'strengthen', 'resolve', 'compassionate']","seeing,cruelty,make,u,instead,let,strengthen,resolve,compassionate",0,0,0,0,0,1,0,0,0,0,0,0,0,0,0,0,0,1,1,angryclass
8005,1.2386133222971556e+18,Fri Mar 13 23:50:03 +0000 2020,RT @carmii_: this dumbass virus making my job close 🤬,en,[],[],🤬,: this dumbass virus making my job close 🤬,dumbass virus making job close 🤬,"['dumbass', 'virus', 'making', 'job', 'close']","dumbass,virus,making,job,close",0,0,0,0,0,0,0,0,0,0,0,1,0,0,0,0,0,1,1,angryclass
8492,1.238613506540417e+18,Fri Mar 13 23:50:46 +0000 2020,"People aren’t shaking each other’s hands because of corona virus.... 

I’m not shaking hands cuzz every one is out of toilet paper 🤮",en,[],[],🤮,People aren’t shaking each other’s hands because of corona virus.... I’m not shaking hands cuzz every one is out of toilet paper 🤮,People ’ shaking ’ hands corona virus ... I ’ shaking hands cuzz every one toilet paper 🤮,"['people', 'shaking', 'hands', 'corona', 'virus', 'i', 'shaking', 'hands', 'cuzz', 'every', 'one', 'toilet', 'paper']","people,shaking,hand,corona,virus,i,shaking,hand,cuzz,every,one,toilet,paper",0,0,0,0,0,0,0,0,0,0,0,1,0,0,0,0,0,1,1,angryclass
7989,1.2386133132794716e+18,Fri Mar 13 23:50:00 +0000 2020,Lol it takes this virus for people to start being hygienic 🤢,en,[],[],🤢,Lol it takes this virus for people to start being hygienic 🤢,Lol takes virus people start hygienic 🤢,"['lol', 'takes', 'virus', 'people', 'start', 'hygienic']","lol,take,virus,people,start,hygienic",0,0,0,0,0,0,0,0,0,0,0,1,0,0,0,0,0,1,1,angryclass
1433,1.2386010740655063e+18,Fri Mar 13 23:01:22 +0000 2020,RT @mylajhorizon: Tested positive for need my meat sucked syndrome 🤧,en,[],[],🤧,: Tested positive for need my meat sucked syndrome 🤧,Tested positive need meat sucked syndrome 🤧,"['tested', 'positive', 'need', 'meat', 'sucked', 'syndrome']","tested,positive,need,meat,sucked,syndrome",0,0,0,0,0,0,0,0,0,0,0,1,0,0,0,0,0,1,1,angryclass
19446,1.2386568014421606e+18,Sat Mar 14 02:42:49 +0000 2020,"CORONAVIRUS EPIDEMIC IS REAL 
.

#coronamemes #coronavirusmemes #coronavirus #barbershop #funny #mask #wshh… https://t.co/u0MYTDwgvR",en,"[{'text': 'coronamemes', 'indices': [33, 45]}, {'text': 'coronavirusmemes', 'indices': [46, 63]}, {'text': 'coronavirus', 'indices': [64, 76]}, {'text': 'barbershop', 'indices': [77, 88]}, {'text': 'funny', 'indices': [89, 95]}, {'text': 'mask', 'indices': [96, 101]}, {'text': 'wshh', 'indices': [102, 107]}]","['coronamemes', 'coronavirusmemes', 'coronavirus', 'barbershop', 'funny', 'mask', 'wshh']",,CORONAVIRUS EPIDEMIC IS REAL . …,CORONAVIRUS EPIDEMIC IS REAL …,"['coronavirus', 'epidemic', 'is', 'real']","coronavirus,epidemic,is,real",0,0,0,0,0,1,0,0,0,0,0,0,0,0,0,0,0,1,1,angryclass
24387,1.2386749974404014e+18,Sat Mar 14 03:55:07 +0000 2020,Amazing.. Jez was just awarded a Starred Image for this image   https://t.co/J87UQ1gmf6  #nsfw #adultmodels #adult #Boots #Mask #Nude #Open,en,"[{'text': 'nsfw', 'indices': [89, 94]}, {'text': 'adultmodels', 'indices': [95, 107]}, {'text': 'adult', 'indices': [108, 114]}, {'text': 'Boots', 'indices': [115, 121]}, {'text': 'Mask', 'indices': [122, 127]}, {'text': 'Nude', 'indices': [128, 133]}, {'text': 'Open', 'indices': [134, 139]}]","['nsfw', 'adultmodels', 'adult', 'boots', 'mask', 'nude', 'open']",,Amazing.. Jez was just awarded a Starred Image for this image,Amazing.. Jez awarded Starred Image image,"['amazing', 'jez', 'awarded', 'starred', 'image', 'image']","amazing,jez,awarded,starred,image,image",0,0,0,0,0,1,0,0,0,0,0,0,0,0,0,0,0,1,1,angryclass
23364,1.2386707829867684e+18,Sat Mar 14 03:38:22 +0000 2020,now I regret not getting one when they came out 😡,en,[],[],😡,now I regret not getting one when they came out,I regret getting one came,"['i', 'regret', 'getting', 'one', 'came']","i,regret,getting,one,came",0,0,0,0,0,0,0,0,0,0,0,1,0,0,0,0,0,1,1,angryclass
5499,1.238612427991892e+18,Fri Mar 13 23:46:29 +0000 2020,"RT @Bruce37074875: @Sparks80079110 did her delay have sumthing to do with the release of the Chinese Communist Party Virus?
🤔😠🤧😷👉💥💀😡🤬🤔😱😠",en,[],[],🤔😠🤧😷👉💥💀😡🤬🤔😱😠,: did her delay have sumthing to do with the release of the Chinese Communist Party Virus? 🤔🤧🤬🤔,delay sumthing release Chinese Communist Party Virus 🤔🤧🤬🤔,"['delay', 'sumthing', 'release', 'chinese', 'communist', 'party', 'virus']","delay,sumthing,release,chinese,communist,party,virus",0,0,0,0,0,0,0,0,0,0,1,5,0,0,0,0,1,5,5,angryclass
5887,1.2386125627423048e+18,Fri Mar 13 23:47:01 +0000 2020,Lock his ass up.. he jus out here contaminating mfs 🤬,en,[],[],🤬,Lock his ass up.. he jus out here contaminating mfs 🤬,Lock ass up.. jus contaminating mfs 🤬,"['lock', 'ass', 'up', 'jus', 'contaminating', 'mfs']","lock,as,up,jus,contaminating,mf",0,0,0,0,0,0,0,0,0,0,0,1,0,0,0,0,0,1,1,angryclass
7194,1.2386130187763876e+18,Fri Mar 13 23:48:50 +0000 2020,"Kanye knew how to combat the virus before it was even a thing, thank you Kanye 🙌🏻🙌🏻😤 https://t.co/3xq0SIDRTR",en,[],[],🙌🏻🙌🏻😤,"Kanye knew how to combat the virus before it was even a thing, thank you Kanye",Kanye knew combat virus even thing thank Kanye,"['kanye', 'knew', 'combat', 'virus', 'even', 'thing', 'thank', 'kanye']","kanye,knew,combat,virus,even,thing,thank,kanye",0,0,0,0,0,0,0,0,0,0,0,1,0,0,0,0,0,1,1,angryclass
26433,1.2386834036600996e+18,Sat Mar 14 04:28:31 +0000 2020,"RT @erlinzhang: Again, she's wearing the ""two-winged folded paper"" mask 🤧
Stay safe lil bub 🥺 https://t.co/4Q0QvS1GFP",en,[],[],🤧🥺,": Again, she's wearing the ""two-winged folded paper"" mask 🤧 Stay safe lil bub 🥺",Again 's wearing `` two-winged folded paper '' mask 🤧 Stay safe lil bub 🥺,"['again', 'wearing', 'two', 'winged', 'folded', 'paper', 'mask', 'stay', 'safe', 'lil', 'bub']","again,wearing,two,winged,folded,paper,mask,stay,safe,lil,bub",0,0,0,0,0,0,0,0,0,0,0,1,0,0,0,0,0,1,1,angryclass
21085,1.2386623567432827e+18,Sat Mar 14 03:04:53 +0000 2020,"""I want you to live without any dark cloud, so don't hate this temporary rain."" #AquaTimezQuotez #Mask",en,"[{'text': 'AquaTimezQuotez', 'indices': [80, 96]}, {'text': 'Mask', 'indices': [97, 102]}]","['aquatimezquotez', 'mask']",,"""I want you to live without any dark cloud, so don't hate this temporary rain.""",`` I want live without dark cloud n't hate temporary rain '',"['i', 'want', 'live', 'without', 'dark', 'cloud', 'hate', 'temporary', 'rain']","i,want,live,without,dark,cloud,hate,temporary,rain",0,0,0,0,0,1,0,0,0,0,0,0,0,0,0,0,0,1,1,angryclass
11985,1.238614814605402e+18,Fri Mar 13 23:55:58 +0000 2020,"The whole world has gone mad and we have fallen down the rabbit hole.
.
.
#coronavirus #covid19 #mask #gasmask… https://t.co/H0DdpEWwjd",en,"[{'text': 'coronavirus', 'indices': [74, 86]}, {'text': 'covid19', 'indices': [87, 95]}, {'text': 'mask', 'indices': [96, 101]}, {'text': 'gasmask', 'indices': [102, 110]}]","['coronavirus', 'covid19', 'mask', 'gasmask']",,The whole world has gone mad and we have fallen down the rabbit hole. . . …,The whole world gone mad fallen rabbit hole …,"['the', 'whole', 'world', 'gone', 'mad', 'fallen', 'rabbit', 'hole']","the,whole,world,gone,mad,fallen,rabbit,hole",0,0,0,0,0,1,0,0,0,0,0,0,0,0,0,0,0,1,1,angryclass
4011,1.2386119337433457e+18,Fri Mar 13 23:44:31 +0000 2020,RT @kiimikazee: This virus done ruined ALL my plans before my parents even got the chance to😤now we all mad,en,[],[],😤,: This virus done ruined ALL my plans before my parents even got the chance tonow we all mad,This virus done ruined ALL plans parents even got chance tonow mad,"['this', 'virus', 'done', 'ruined', 'all', 'plans', 'parents', 'even', 'got', 'chance', 'tonow', 'mad']","this,virus,done,ruined,all,plan,parent,even,got,chance,tonow,mad",0,0,0,0,0,0,0,0,0,0,0,1,0,0,0,0,0,1,1,angryclass
14719,1.2386159047258276e+18,Sat Mar 14 00:00:18 +0000 2020,@asmth_ i trust them. positive thoughts only 😤,en,[],[],😤,i trust them. positive thoughts only,trust positive thoughts,"['trust', 'positive', 'thoughts']","trust,positive,thought",0,0,0,0,0,0,0,0,0,0,0,1,0,0,0,0,0,1,1,angryclass
11241,1.2386145384860099e+18,Fri Mar 13 23:54:52 +0000 2020,"Corona pissing me off now, rather catch the virus than have flights cancelled 😤",en,[],[],😤,"Corona pissing me off now, rather catch the virus than have flights cancelled",Corona pissing rather catch virus flights cancelled,"['corona', 'pissing', 'rather', 'catch', 'virus', 'flights', 'cancelled']","corona,pissing,rather,catch,virus,flight,cancelled",0,0,0,0,0,0,0,0,0,0,0,1,0,0,0,0,0,1,1,angryclass
6816,1.238612885179224e+18,Fri Mar 13 23:48:18 +0000 2020,Everyone pray for @Lizzyylu97 🤞🏻🤧,en,[],[],🤞🏻🤧,Everyone pray for 🤞🤧,Everyone pray 🤞🤧,"['everyone', 'pray']","everyone,pray",0,0,0,0,0,0,0,0,0,0,0,1,0,0,0,0,0,1,1,angryclass
13777,1.2386155351113318e+18,Fri Mar 13 23:58:50 +0000 2020,i thought i had corona virus but the doctors said it’s just covid-19😤💯 https://t.co/JzM1GDDJrJ,en,[],[],😤💯,i thought i had corona virus but the doctors said it’s just covid-19,thought corona virus doctors said ’ covid-19,"['thought', 'corona', 'virus', 'doctors', 'said']","thought,corona,virus,doctor,said",0,0,0,0,0,0,0,0,0,0,0,1,0,0,0,0,0,1,1,angryclass
25766,1.2386810211572e+18,Sat Mar 14 04:19:03 +0000 2020,#CoronaOutbreak #COVIDー19 has taught me that I have crazy unrealistic #anxious #thoughts. Family talks are everythi… https://t.co/zPTyOrUwCK,en,"[{'text': 'CoronaOutbreak', 'indices': [0, 15]}, {'text': 'COVIDー19', 'indices': [16, 25]}, {'text': 'anxious', 'indices': [70, 78]}, {'text': 'thoughts', 'indices': [79, 88]}]","['coronaoutbreak', 'covidー19', 'anxious', 'thoughts']",,has taught me that I have crazy unrealistic . Family talks are everythi…,taught I crazy unrealistic Family talks everythi…,"['taught', 'i', 'crazy', 'unrealistic', 'family', 'talks', 'everythi']","taught,i,crazy,unrealistic,family,talk,everythi",0,0,0,0,0,1,0,0,0,0,0,0,0,0,0,0,0,1,1,angryclass
23740,1.2386723348079124e+18,Sat Mar 14 03:44:32 +0000 2020,"There are somethings worse than viral outbreaks :(
#hatred #hatecrimes #hatred #discrimination #dfordelhi… https://t.co/XfHV7LTRQy",en,"[{'text': 'hatred', 'indices': [51, 58]}, {'text': 'hatecrimes', 'indices': [59, 70]}, {'text': 'hatred', 'indices': [71, 78]}, {'text': 'discrimination', 'indices': [79, 94]}, {'text': 'dfordelhi', 'indices': [95, 105]}]","['hatred', 'hatecrimes', 'hatred', 'discrimination', 'dfordelhi']",,There are somethings worse than viral outbreaks …,There somethings worse viral outbreaks …,"['there', 'somethings', 'worse', 'viral', 'outbreaks']","there,somethings,worse,viral,outbreak",0,0,0,0,0,1,0,0,0,0,0,0,0,0,0,0,0,1,1,angryclass
23866,1.2386727953594614e+18,Sat Mar 14 03:46:22 +0000 2020,"Gloomy morning down to kedungu and was good size 🌊 🏄 
#kedungu #gloomy #morning #surf #funwave #surfguiding… https://t.co/mVp2yxqpf0",en,"[{'text': 'kedungu', 'indices': [54, 62]}, {'text': 'gloomy', 'indices': [63, 70]}, {'text': 'morning', 'indices': [71, 79]}, {'text': 'surf', 'indices': [80, 85]}, {'text': 'funwave', 'indices': [86, 94]}, {'text': 'surfguiding', 'indices': [95, 107]}]","['kedungu', 'gloomy', 'morning', 'surf', 'funwave', 'surfguiding']",🌊🏄,Gloomy morning down to kedungu and was good size …,Gloomy morning kedungu good size …,"['gloomy', 'morning', 'kedungu', 'good', 'size']","gloomy,morning,kedungu,good,size",0,0,0,0,0,1,0,0,0,0,0,0,0,0,0,0,0,1,1,angryclass
24896,1.2386771401800704e+18,Sat Mar 14 04:03:38 +0000 2020,RT @mktldr: #discrimination is DEFINITELY part of #h1b &amp; #s386 bill.  Giving India all Green cards is wrong (esp. when China produces highe…,en,"[{'text': 'discrimination', 'indices': [12, 27]}, {'text': 'h1b', 'indices': [50, 54]}, {'text': 's386', 'indices': [61, 66]}]","['discrimination', 'h1b', 's386']",,: is DEFINITELY part of &amp; bill. Giving India all Green cards is wrong (esp. when China produces highe…,DEFINITELY part amp bill Giving India Green cards wrong esp China produces highe…,"['definitely', 'part', 'amp', 'bill', 'giving', 'india', 'green', 'cards', 'wrong', 'esp', 'china', 'produces', 'highe']","definitely,part,amp,bill,giving,india,green,card,wrong,esp,china,produce,highe",0,0,0,0,0,1,0,0,0,0,0,0,0,0,0,0,0,1,1,angryclass
19378,1.2386565598965432e+18,Sat Mar 14 02:41:51 +0000 2020,I think I could go 10 years without the NFL over missing 1 NCAA Tourney #depressed,en,"[{'text': 'depressed', 'indices': [72, 82]}]",['depressed'],,I think I could go years without the NFL over missing NCAA Tourney,I think I could go years without NFL missing NCAA Tourney,"['i', 'think', 'i', 'could', 'go', 'years', 'without', 'nfl', 'missing', 'ncaa', 'tourney']","i,think,i,could,go,year,without,nfl,missing,ncaa,tourney",0,0,0,0,0,1,0,0,0,0,0,0,0,0,0,0,0,1,1,angryclass
10889,1.238614404632957e+18,Fri Mar 13 23:54:21 +0000 2020,Fuck corona virus onna gang😤,en,[],[],😤,Fuck corona virus onna gang,Fuck corona virus onna gang,"['fuck', 'corona', 'virus', 'onna', 'gang']","fuck,corona,virus,onna,gang",0,0,0,0,0,0,0,0,0,0,0,1,0,0,0,0,0,1,1,angryclass
8530,1.23861351858645e+18,Fri Mar 13 23:50:49 +0000 2020,Am I the only one not appreciating Corona virus jokes here? It’s getting annoying now! People are dying for goodness sake 😡,en,[],[],😡,Am I the only one not appreciating Corona virus jokes here? It’s getting annoying now! People are dying for goodness sake,Am I one appreciating Corona virus jokes It ’ getting annoying People dying goodness sake,"['am', 'i', 'one', 'appreciating', 'corona', 'virus', 'jokes', 'it', 'getting', 'annoying', 'people', 'dying', 'goodness', 'sake']","am,i,one,appreciating,corona,virus,joke,it,getting,annoying,people,dying,goodness,sake",0,0,0,0,0,0,0,0,0,0,0,1,0,0,0,0,0,1,1,angryclass
3561,1.2386117947735818e+18,Fri Mar 13 23:43:58 +0000 2020,You heard our president 😤,en,[],[],😤,You heard our president,You heard president,"['you', 'heard', 'president']","you,heard,president",0,0,0,0,0,0,0,0,0,0,0,1,0,0,0,0,0,1,1,angryclass
15494,1.238616194007122e+18,Sat Mar 14 00:01:27 +0000 2020,If I see one more mf corona virus reference with someone drinking a corona imma 🤬,en,[],[],🤬,If I see one more mf corona virus reference with someone drinking a corona imma 🤬,If I see one mf corona virus reference someone drinking corona imma 🤬,"['if', 'i', 'see', 'one', 'mf', 'corona', 'virus', 'reference', 'someone', 'drinking', 'corona', 'imma']","if,i,see,one,mf,corona,virus,reference,someone,drinking,corona,imma",0,0,0,0,0,0,0,0,0,0,0,1,0,0,0,0,0,1,1,angryclass
21879,1.2386651570996552e+18,Sat Mar 14 03:16:01 +0000 2020,"@stufflistings Be safe use mask and sanitizer 
Happy journey 🙂🙂🤧🤧🤧",en,[],[],🙂🙂🤧🤧🤧,Be safe use mask and sanitizer Happy journey 🤧🤧🤧,Be safe use mask sanitizer Happy journey 🤧🤧🤧,"['be', 'safe', 'use', 'mask', 'sanitizer', 'happy', 'journey']","be,safe,use,mask,sanitizer,happy,journey",0,0,0,0,0,0,2,0,0,0,0,3,2,0,0,0,0,3,3,angryclass
5550,1.2386124456330936e+18,Fri Mar 13 23:46:34 +0000 2020,I rather him fuck that chicken than molest a human being so . go off 🤢,en,[],[],🤢,I rather him fuck that chicken than molest a human being so . go off 🤢,I rather fuck chicken molest human go 🤢,"['i', 'rather', 'fuck', 'chicken', 'molest', 'human', 'go']","i,rather,fuck,chicken,molest,human,go",0,0,0,0,0,0,0,0,0,0,0,1,0,0,0,0,0,1,1,angryclass
21049,1.2386622382543053e+18,Sat Mar 14 03:04:25 +0000 2020,Feeling excited and grateful...#anxious #goals https://t.co/M7KfS3Yb79,en,"[{'text': 'anxious', 'indices': [31, 39]}, {'text': 'goals', 'indices': [40, 46]}]","['anxious', 'goals']",,Feeling excited and grateful...,Feeling excited grateful ...,"['feeling', 'excited', 'grateful']","feeling,excited,grateful",0,0,0,0,0,1,0,0,0,0,0,0,0,0,0,0,0,1,1,angryclass
4338,1.238612038508843e+18,Fri Mar 13 23:44:56 +0000 2020,"ima try n post both headers i got in da works in the next 2 weeks, this for the niggas dat got da virus 🤕🤢🤒",en,[],[],🤕🤢🤒,"ima try n post both headers i got in da works in the next weeks, this for the niggas dat got da virus 🤕🤢🤒",ima try n post headers got da works next weeks niggas dat got da virus 🤕🤢🤒,"['i', 'm', 'a', 'try', 'n', 'post', 'headers', 'got', 'da', 'works', 'next', 'weeks', 'niggas', 'dat', 'got', 'da', 'virus']","i,m,a,try,n,post,header,got,da,work,next,week,nigga,dat,got,da,virus",0,0,0,0,0,0,0,0,0,0,0,1,0,0,0,0,0,1,1,angryclass
26505,1.238683742945702e+18,Sat Mar 14 04:29:52 +0000 2020,When one becomes confused about day/ time and rocks up to work 2 hours early! And I finish at midnight! #sillyme #tiredalready #annoyed,en,"[{'text': 'sillyme', 'indices': [104, 112]}, {'text': 'tiredalready', 'indices': [113, 126]}, {'text': 'annoyed', 'indices': [127, 135]}]","['sillyme', 'tiredalready', 'annoyed']",,When one becomes confused about day/ time and rocks up to work hours early! And I finish at midnight!,When one becomes confused day/ time rocks work hours early And I finish midnight,"['when', 'one', 'becomes', 'confused', 'time', 'rocks', 'work', 'hours', 'early', 'and', 'i', 'finish', 'midnight']","when,one,becomes,confused,time,rock,work,hour,early,and,i,finish,midnight",0,0,0,0,0,1,0,0,0,0,0,0,0,0,0,0,0,1,1,angryclass
23511,1.2386714240863027e+18,Sat Mar 14 03:40:55 +0000 2020,"RT @GETAnalysis: This is the other #reason the #Markets are panicking, #Trump sowing #confusion and #anger among #Countries, rather than le…",en,"[{'text': 'reason', 'indices': [35, 42]}, {'text': 'Markets', 'indices': [47, 55]}, {'text': 'Trump', 'indices': [71, 77]}, {'text': 'confusion', 'indices': [85, 95]}, {'text': 'anger', 'indices': [100, 106]}, {'text': 'Countries', 'indices': [113, 123]}]","['reason', 'markets', 'trump', 'confusion', 'anger', 'countries']",,": This is the other the are panicking, sowing and among , rather than le…",This panicking sowing among rather le…,"['this', 'panicking', 'sowing', 'among', 'rather', 'le']","this,panicking,sowing,among,rather,le",0,0,0,0,0,1,0,0,0,0,0,0,0,0,0,0,0,1,1,angryclass
11949,1.2386147990067937e+18,Fri Mar 13 23:55:55 +0000 2020,How the fuck is this virus still spreading ffs. 😡,en,[],[],😡,How the fuck is this virus still spreading ffs.,How fuck virus still spreading ffs,"['how', 'fuck', 'virus', 'still', 'spreading', 'ffs']","how,fuck,virus,still,spreading,ffs",0,0,0,0,0,0,0,0,0,0,0,1,0,0,0,0,0,1,1,angryclass
23518,1.2386714795601756e+18,Sat Mar 14 03:41:08 +0000 2020,The Traitors ski mask stays ON during sex 😤,en,[],[],😤,The Traitors ski mask stays ON during sex,The Traitors ski mask stays ON sex,"['the', 'traitors', 'ski', 'mask', 'stays', 'on', 'sex']","the,traitor,ski,mask,stay,on,sex",0,0,0,0,0,0,0,0,0,0,0,1,0,0,0,0,0,1,1,angryclass
20322,1.238659736343634e+18,Sat Mar 14 02:54:28 +0000 2020,I just knew to stay longer😠😠😠😠😠,en,[],[],😠😠😠😠😠,I just knew to stay longer,I knew stay longer,"['i', 'knew', 'stay', 'longer']","i,knew,stay,longer",0,0,0,0,0,0,0,0,0,0,0,5,0,0,0,0,0,5,5,angryclass
19197,1.2386559932418376e+18,Sat Mar 14 02:39:36 +0000 2020,IDGAF wats going Around right now... Do not come talking to me with a mask 😷 on &amp; get mad 😡 when I say “HUH Bitch I… https://t.co/qOItkPjmGH,en,[],[],😷😡,IDGAF wats going Around right now... Do not come talking to me with a mask on &amp; get mad when I say “HUH Bitch I…,IDGAF wats going Around right ... Do come talking mask amp get mad I say “ HUH Bitch I…,"['idgaf', 'wats', 'going', 'around', 'right', 'do', 'come', 'talking', 'mask', 'amp', 'get', 'mad', 'i', 'say', 'huh', 'bitch', 'i']","idgaf,wats,going,around,right,do,come,talking,mask,amp,get,mad,i,say,huh,bitch,i",0,0,0,0,0,0,0,0,0,0,0,1,0,0,0,0,0,1,1,angryclass
24032,1.2386735028293345e+18,Sat Mar 14 03:49:11 +0000 2020,"homaygHaD 
#dEprEsSed 
#mAsKuPmYpAiN
#kIlLmYsElF",en,"[{'text': 'dEprEsSed', 'indices': [11, 21]}, {'text': 'mAsKuPmYpAiN', 'indices': [23, 36]}, {'text': 'kIlLmYsElF', 'indices': [37, 48]}]","['depressed', 'maskupmypain', 'killmyself']",,homaygHaD,homaygHaD,['homayghad'],homayghad,0,0,0,0,0,1,0,0,0,0,0,0,0,0,0,0,0,1,1,angryclass
4471,1.2386120796088238e+18,Fri Mar 13 23:45:06 +0000 2020,@realDonaldTrump If you don’t test for the virus you have NO idea how many deaths there are 🤬,en,[],[],🤬,If you don’t test for the virus you have NO idea how many deaths there are 🤬,If ’ test virus NO idea many deaths 🤬,"['if', 'test', 'virus', 'no', 'idea', 'many', 'deaths']","if,test,virus,no,idea,many,death",0,0,0,0,0,0,0,0,0,0,0,1,0,0,0,0,0,1,1,angryclass
13599,1.2386154655194604e+18,Fri Mar 13 23:58:33 +0000 2020,If you out here fckin raw you shouldn’t be worried about no virus .. you got bigger and better things to concern yourself about 🤢,en,[],[],🤢,If you out here fckin raw you shouldn’t be worried about no virus .. you got bigger and better things to concern yourself about 🤢,If fckin raw ’ worried virus .. got bigger better things concern 🤢,"['if', 'fckin', 'raw', 'worried', 'virus', 'got', 'bigger', 'better', 'things', 'concern']","if,fckin,raw,worried,virus,got,bigger,better,thing,concern",0,0,0,0,0,0,0,0,0,0,0,1,0,0,0,0,0,1,1,angryclass
19135,1.2386557997124977e+18,Sat Mar 14 02:38:50 +0000 2020,U ever look at sumbody nd jus wanna beat they ass for no reason.... jus by lookn at them u get irritated 😤 😒 lik br… https://t.co/iBUJrIlDce,en,[],[],😤😒,U ever look at sumbody nd jus wanna beat they ass for no reason.... jus by lookn at them u get irritated lik br…,U ever look sumbody nd jus wan na beat ass reason ... jus lookn u get irritated lik br…,"['u', 'ever', 'look', 'sumbody', 'nd', 'jus', 'wan', 'na', 'beat', 'ass', 'reason', 'jus', 'lookn', 'u', 'get', 'irritated', 'lik', 'br']","u,ever,look,sumbody,nd,jus,wan,na,beat,as,reason,jus,lookn,u,get,irritated,lik,br",0,0,0,0,0,0,0,0,0,0,0,1,0,0,0,0,0,1,1,angryclass
18244,1.2386324938945085e+18,Sat Mar 14 01:06:13 +0000 2020,Corona Couture. Custom protection masks for men and women....💓💓🖤💗🖤 ☢ #jaesynburke #JB #jaesynburkecouture #mask… https://t.co/eJYNECiwiB,en,"[{'text': 'jaesynburke', 'indices': [69, 81]}, {'text': 'JB', 'indices': [82, 85]}, {'text': 'jaesynburkecouture', 'indices': [86, 105]}, {'text': 'mask', 'indices': [106, 111]}]","['jaesynburke', 'jb', 'jaesynburkecouture', 'mask']",💓💓🖤💗🖤☢,Corona Couture. Custom protection masks for men and women.... …,Corona Couture Custom protection masks men women ... …,"['corona', 'couture', 'custom', 'protection', 'masks', 'men', 'women']","corona,couture,custom,protection,mask,men,woman",0,0,0,0,0,1,0,0,0,0,0,0,0,0,0,0,0,1,1,angryclass
27082,1.2386863334107996e+18,Sat Mar 14 04:40:10 +0000 2020,If you pull up with a face mask to a place where no one has face masks on. I know you got it 🤧,en,[],[],🤧,If you pull up with a face mask to a place where no one has face masks on. I know you got it 🤧,If pull face mask place one face masks I know got 🤧,"['if', 'pull', 'face', 'mask', 'place', 'one', 'face', 'masks', 'i', 'know', 'got']","if,pull,face,mask,place,one,face,mask,i,know,got",0,0,0,0,0,0,0,0,0,0,0,1,0,0,0,0,0,1,1,angryclass
3350,1.238611724460155e+18,Fri Mar 13 23:43:42 +0000 2020,"HE GOT WHAT HE DESERVED 😤

https://t.co/dDWUzjx3Pb",en,[],[],😤,HE GOT WHAT HE DESERVED,HE GOT WHAT HE DESERVED,"['he', 'got', 'what', 'he', 'deserved']","he,got,what,he,deserved",0,0,0,0,0,0,0,0,0,0,0,1,0,0,0,0,0,1,1,angryclass
27533,1.2386882857628344e+18,Sat Mar 14 04:47:55 +0000 2020,"Don't rely on #mask only. But if you wish to use, here are do's and don'ts. https://t.co/b9FCNWzE4p",en,"[{'text': 'mask', 'indices': [14, 19]}]",['mask'],,"Don't rely on only. But if you wish to use, here are do's and don'ts.",Do n't rely But wish use 's don'ts,"['do', 'rely', 'but', 'wish', 'use']","do,rely,but,wish,use",0,0,0,0,0,1,0,0,0,0,0,0,0,0,0,0,0,1,1,angryclass
4858,1.2386122103073505e+18,Fri Mar 13 23:45:37 +0000 2020,RT @fatherjasss: this virus shit fucking up my money😡,en,[],[],😡,: this virus shit fucking up my money,virus shit fucking money,"['virus', 'shit', 'fucking', 'money']","virus,shit,fucking,money",0,0,0,0,0,0,0,0,0,0,0,1,0,0,0,0,0,1,1,angryclass
22660,1.2386681628975022e+18,Sat Mar 14 03:27:58 +0000 2020,need a mask over my pfp NOW 😡,en,[],[],😡,need a mask over my pfp NOW,need mask pfp NOW,"['need', 'mask', 'pfp', 'now']","need,mask,pfp,now",0,0,0,0,0,0,0,0,0,0,0,1,0,0,0,0,0,1,1,angryclass
6582,1.238612805244371e+18,Fri Mar 13 23:47:59 +0000 2020,So they really not letting no one play soccer on this Beautiful Friday! 🖕🏽 this virus🤬,en,[],[],🖕🏽🤬,So they really not letting no one play soccer on this Beautiful Friday! this virus🤬,So really letting one play soccer Beautiful Friday virus🤬,"['so', 'really', 'letting', 'one', 'play', 'soccer', 'beautiful', 'friday', 'virus']","so,really,letting,one,play,soccer,beautiful,friday,virus",0,0,0,0,0,0,0,0,0,0,0,1,0,0,0,0,0,1,1,angryclass
27952,1.238690231454335e+18,Sat Mar 14 04:55:39 +0000 2020,"The struggle is real when you really want to sneeze with your mask on, on a train.🤧",en,[],[],🤧,"The struggle is real when you really want to sneeze with your mask on, on a train.🤧",The struggle real really want sneeze mask train.🤧,"['the', 'struggle', 'real', 'really', 'want', 'sneeze', 'mask', 'train']","the,struggle,real,really,want,sneeze,mask,train",0,0,0,0,0,0,0,0,0,0,0,1,0,0,0,0,0,1,1,angryclass
14849,1.2386159524402954e+18,Sat Mar 14 00:00:30 +0000 2020,smh this wasn’t on our syllabus 😤,en,[],[],😤,smh this wasn’t on our syllabus,smh ’ syllabus,"['smh', 'syllabus']","smh,syllabus",0,0,0,0,0,0,0,0,0,0,0,1,0,0,0,0,0,1,1,angryclass
26142,1.2386822116600586e+18,Sat Mar 14 04:23:47 +0000 2020,I refuse to get progressive insurance because of their ANNOYING ads on Hulu. 😡 #hulu #annoyed,en,"[{'text': 'hulu', 'indices': [79, 84]}, {'text': 'annoyed', 'indices': [85, 93]}]","['hulu', 'annoyed']",😡,I refuse to get progressive insurance because of their ANNOYING ads on Hulu.,I refuse get progressive insurance ANNOYING ads Hulu,"['i', 'refuse', 'get', 'progressive', 'insurance', 'annoying', 'ads', 'hulu']","i,refuse,get,progressive,insurance,annoying,ad,hulu",0,0,0,0,0,1,0,0,0,0,0,1,0,0,0,0,0,2,2,angryclass
22752,1.238668545808044e+18,Sat Mar 14 03:29:29 +0000 2020,Thank you 🙏 China 🇨🇳 and #JackMa #CoronavirusPandemic #coronavirus #NationalEmergency #mask #coronatest… https://t.co/qCUCi8UFNI,en,"[{'text': 'JackMa', 'indices': [25, 32]}, {'text': 'CoronavirusPandemic', 'indices': [33, 53]}, {'text': 'coronavirus', 'indices': [54, 66]}, {'text': 'NationalEmergency', 'indices': [67, 85]}, {'text': 'mask', 'indices': [86, 91]}, {'text': 'coronatest', 'indices': [92, 103]}]","['jackma', 'coronaviruspandemic', 'coronavirus', 'nationalemergency', 'mask', 'coronatest']",🙏🇨🇳,Thank you China 🇨🇳 and …,Thank China 🇨🇳 …,"['thank', 'china']","thank,china",0,0,0,0,0,1,0,0,0,0,0,0,0,0,0,0,0,1,1,angryclass
9351,1.2386138241203446e+18,Fri Mar 13 23:52:02 +0000 2020,Demonrats are a shameful bunch of nincompoops!!!!😡😡😡😡,en,[],[],😡😡😡😡,Demonrats are a shameful bunch of nincompoops!!!!,Demonrats shameful bunch nincompoops,"['demonrats', 'shameful', 'bunch', 'nincompoops']","demonrats,shameful,bunch,nincompoop",0,0,0,0,0,0,0,0,0,0,0,4,0,0,0,0,0,4,4,angryclass
9800,1.2386139969677885e+18,Fri Mar 13 23:52:43 +0000 2020,y'all i have virus😖 in my house there's a deadass STRAIGHT couple🤮🤮🤮 in my living room like is this allowed😤😤??? 💀💀… https://t.co/JnTNImIVD3,en,[],[],😖🤮🤮🤮😤😤💀💀,y'all i have virus in my house there's a deadass STRAIGHT couple🤮🤮🤮 in my living room like is this allowed??? …,y'all virus house 's deadass STRAIGHT couple🤮🤮🤮 living room like allowed …,"['all', 'virus', 'house', 'deadass', 'straight', 'couple', 'living', 'room', 'like', 'allowed']","all,virus,house,deadass,straight,couple,living,room,like,allowed",0,0,0,0,0,0,0,0,0,1,0,5,0,0,0,1,0,5,5,angryclass
8220,1.2386133976729969e+18,Fri Mar 13 23:50:20 +0000 2020,New @LILUZIVERT tested positive for COVID-19. This shit is sick 🤢🤢🤮🤮,en,[],[],🤢🤢🤮🤮,New tested positive for COVID-19. This shit is sick 🤢🤢🤮🤮,New tested positive COVID-19 This shit sick 🤢🤢🤮🤮,"['new', 'tested', 'positive', 'this', 'shit', 'sick']","new,tested,positive,this,shit,sick",0,0,0,0,0,0,0,0,0,0,0,4,0,0,0,0,0,4,4,angryclass
5412,1.2386123986651546e+18,Fri Mar 13 23:46:22 +0000 2020,RT @PhobiaPeople: @itsclrkhns the corona virus might be the immune system produced by the earth against human 😤,en,[],[],😤,: the corona virus might be the immune system produced by the earth against human,corona virus might immune system produced earth human,"['corona', 'virus', 'might', 'immune', 'system', 'produced', 'earth', 'human']","corona,virus,might,immune,system,produced,earth,human",0,0,0,0,0,0,0,0,0,0,0,1,0,0,0,0,0,1,1,angryclass
4187,1.2386119845197783e+18,Fri Mar 13 23:44:44 +0000 2020,Y’all was really putting y’all bare ass on public toilet seats 🤢,en,[],[],🤢,Y’all was really putting y’all bare ass on public toilet seats 🤢,Y ’ really putting ’ bare ass public toilet seats 🤢,"['y', 'really', 'putting', 'bare', 'ass', 'public', 'toilet', 'seats']","y,really,putting,bare,as,public,toilet,seat",0,0,0,0,0,0,0,0,0,0,0,1,0,0,0,0,0,1,1,angryclass
11907,1.2386147853457818e+18,Fri Mar 13 23:55:51 +0000 2020,This virus fuckin wit my money now we got beef 😤,en,[],[],😤,This virus fuckin wit my money now we got beef,This virus fuckin wit money got beef,"['this', 'virus', 'fuckin', 'wit', 'money', 'got', 'beef']","this,virus,fuckin,wit,money,got,beef",0,0,0,0,0,0,0,0,0,0,0,1,0,0,0,0,0,1,1,angryclass
9748,1.238613971520938e+18,Fri Mar 13 23:52:37 +0000 2020,RT @AmanMaan_: This virus deadass ruined everything 😡 🤦‍♂️,en,[],[],😡🤦♂,: This virus deadass ruined everything 🤦‍️,This virus deadass ruined everything 🤦‍️,"['this', 'virus', 'deadass', 'ruined', 'everything']","this,virus,deadass,ruined,everything",0,0,0,0,0,0,0,0,0,0,0,1,0,0,0,0,0,1,1,angryclass
4973,1.2386122517933302e+18,Fri Mar 13 23:45:47 +0000 2020,Uno shisha is there a new tube for everyone or is it the same tube 🤮🤮🤮,en,[],[],🤮🤮🤮,Uno shisha is there a new tube for everyone or is it the same tube 🤮🤮🤮,Uno shisha new tube everyone tube 🤮🤮🤮,"['uno', 'shisha', 'new', 'tube', 'everyone', 'tube']","uno,shisha,new,tube,everyone,tube",0,0,0,0,0,0,0,0,0,0,0,3,0,0,0,0,0,3,3,angryclass
18266,1.2386325718958367e+18,Sat Mar 14 01:06:32 +0000 2020,Genuine Original Venetian Mask - Made in Italy. #poshmark #LosAngeles #Beverlyhills #NewYork #London #Paris #Mask… https://t.co/vauQ4zMYJJ,en,"[{'text': 'poshmark', 'indices': [48, 57]}, {'text': 'LosAngeles', 'indices': [58, 69]}, {'text': 'Beverlyhills', 'indices': [70, 83]}, {'text': 'NewYork', 'indices': [84, 92]}, {'text': 'London', 'indices': [93, 100]}, {'text': 'Paris', 'indices': [101, 107]}, {'text': 'Mask', 'indices': [108, 113]}]","['poshmark', 'losangeles', 'beverlyhills', 'newyork', 'london', 'paris', 'mask']",,Genuine Original Venetian Mask - Made in Italy. …,Genuine Original Venetian Mask Made Italy …,"['genuine', 'original', 'venetian', 'mask', 'made', 'italy']","genuine,original,venetian,mask,made,italy",0,0,0,0,0,1,0,0,0,0,0,0,0,0,0,0,0,1,1,angryclass
19705,1.238657667914027e+18,Sat Mar 14 02:46:15 +0000 2020,"RT @BollywudPrabhas: And here comes our #mask couple from #Prabhas20 . 

Darling #prabhas  &amp; @hegdepooja 
Love  you darlings. ♥️♥️♥️♥️
Take…",en,"[{'text': 'mask', 'indices': [40, 45]}, {'text': 'Prabhas20', 'indices': [58, 68]}, {'text': 'prabhas', 'indices': [81, 89]}]","['mask', 'prabhas20', 'prabhas']",♥♥♥♥,: And here comes our couple from . Darling &amp; Love you darlings. ️️️️ Take…,And comes couple Darling amp Love darlings ️️️️ Take…,"['and', 'comes', 'couple', 'darling', 'amp', 'love', 'darlings', 'take']","and,come,couple,darling,amp,love,darling,take",0,0,0,0,0,1,0,0,0,0,0,0,0,0,0,0,0,1,1,angryclass
5382,1.2386123906793923e+18,Fri Mar 13 23:46:20 +0000 2020,This virus and I are going to fight of one more thing has to change. 😡,en,[],[],😡,This virus and I are going to fight of one more thing has to change.,This virus I going fight one thing change,"['this', 'virus', 'i', 'going', 'fight', 'one', 'thing', 'change']","this,virus,i,going,fight,one,thing,change",0,0,0,0,0,0,0,0,0,0,0,1,0,0,0,0,0,1,1,angryclass
12277,1.23861493996476e+18,Fri Mar 13 23:56:28 +0000 2020,RT @jasongonzalez98: Just tested positive for loyal ass nigga😤,en,[],[],😤,: Just tested positive for loyal ass nigga,Just tested positive loyal ass nigga,"['just', 'tested', 'positive', 'loyal', 'ass', 'nigga']","just,tested,positive,loyal,as,nigga",0,0,0,0,0,0,0,0,0,0,0,1,0,0,0,0,0,1,1,angryclass
22336,1.2386669410084577e+18,Sat Mar 14 03:23:06 +0000 2020,"@imhelendt @4mmjf I am so so sorry. 
I just can't even with this Administration 🤬

Email your Congressperson local… https://t.co/jiqH16z4Cg",en,[],[],🤬,I am so so sorry. I just can't even with this Administration 🤬 Email your Congressperson local…,I sorry I ca n't even Administration 🤬 Email Congressperson local…,"['i', 'sorry', 'i', 'ca', 'even', 'administration', 'email', 'congressperson', 'local']","i,sorry,i,ca,even,administration,email,congressperson,local",0,0,0,0,0,0,0,0,0,0,0,1,0,0,0,0,0,1,1,angryclass
24623,1.2386760923045028e+18,Sat Mar 14 03:59:28 +0000 2020,"RT @AJWasahi: ‘Japanese-only’ floor stirs anger at Osaka hotel during outbreak  : The Asahi Shimbun 
#Japaneseonly #discrimination
https://…",en,"[{'text': 'Japaneseonly', 'indices': [101, 114]}, {'text': 'discrimination', 'indices': [115, 130]}]","['japaneseonly', 'discrimination']",,: ‘Japanese-only’ floor stirs anger at Osaka hotel during outbreak : The Asahi Shimbun https://…,‘ Japanese-only ’ floor stirs anger Osaka hotel outbreak The Asahi Shimbun https //…,"['japanese', 'only', 'floor', 'stirs', 'anger', 'osaka', 'hotel', 'outbreak', 'the', 'asahi', 'shimbun', 'https']","japanese,only,floor,stir,anger,osaka,hotel,outbreak,the,asahi,shimbun,http",0,0,0,0,0,1,0,0,0,0,0,0,0,0,0,0,0,1,1,angryclass
27419,1.2386877791789916e+18,Sat Mar 14 04:45:54 +0000 2020,don’t even tweet if your icon doesn’t have a mask on 😡 get out of here spreading all your germs 🦠 😷,en,[],[],😡🦠😷,don’t even tweet if your icon doesn’t have a mask on get out of here spreading all your germs 🦠,’ even tweet icon ’ mask get spreading germs 🦠,"['even', 'tweet', 'icon', 'mask', 'get', 'spreading', 'germs']","even,tweet,icon,mask,get,spreading,germ",0,0,0,0,0,0,0,0,0,0,0,1,0,0,0,0,0,1,1,angryclass
13986,1.2386156126388756e+18,Fri Mar 13 23:59:09 +0000 2020,corona virus really had to come in to remind y’all to clean and wash your hands 🤢,en,[],[],🤢,corona virus really had to come in to remind y’all to clean and wash your hands 🤢,corona virus really come remind ’ clean wash hands 🤢,"['corona', 'virus', 'really', 'come', 'remind', 'clean', 'wash', 'hands']","corona,virus,really,come,remind,clean,wash,hand",0,0,0,0,0,0,0,0,0,0,0,1,0,0,0,0,0,1,1,angryclass
12258,1.2386149324273787e+18,Fri Mar 13 23:56:26 +0000 2020,Corona Virus canceling everything....like now I can't walk in a fashion show bitch you got me fucked up! 🙄😤,en,[],[],🙄😤,Corona Virus canceling everything....like now I can't walk in a fashion show bitch you got me fucked up!,Corona Virus canceling everything ... .like I ca n't walk fashion show bitch got fucked,"['corona', 'virus', 'canceling', 'everything', 'i', 'ca', 'walk', 'fashion', 'show', 'bitch', 'got', 'fucked']","corona,virus,canceling,everything,i,ca,walk,fashion,show,bitch,got,fucked",0,0,0,0,0,0,0,0,0,0,0,1,0,0,0,0,0,1,1,angryclass
8953,1.2386136737169572e+18,Fri Mar 13 23:51:26 +0000 2020,I can’t complain I love my job but this week with this damn virus shit have took my damn blood pressure through the roof 😡😡😡😡,en,[],[],😡😡😡😡,I can’t complain I love my job but this week with this damn virus shit have took my damn blood pressure through the roof,I ’ complain I love job week damn virus shit took damn blood pressure roof,"['i', 'complain', 'i', 'love', 'job', 'week', 'damn', 'virus', 'shit', 'took', 'damn', 'blood', 'pressure', 'roof']","i,complain,i,love,job,week,damn,virus,shit,took,damn,blood,pressure,roof",0,0,0,0,0,0,0,0,0,0,0,4,0,0,0,0,0,4,4,angryclass
25179,1.2386784309016494e+18,Sat Mar 14 04:08:46 +0000 2020,@Dev_Fadnavis @AUThackeray @narendramodi @PMOIndia 699 for #mask #coronavirusinindia .#business at it best https://t.co/7DtAMZbHGg,en,"[{'text': 'mask', 'indices': [59, 64]}, {'text': 'coronavirusinindia', 'indices': [65, 84]}, {'text': 'business', 'indices': [86, 95]}]","['mask', 'coronavirusinindia', 'business']",,for . at it best,best,['best'],best,0,0,0,0,0,1,0,0,0,0,0,0,0,0,0,0,0,1,1,angryclass
26099,1.2386820702112317e+18,Sat Mar 14 04:23:13 +0000 2020,"RT @sharonePack: 📌
Phil 4:6

Do not be #anxious about anything, but in every situation, by prayer and petition, with thanksgiving, present…",en,"[{'text': 'anxious', 'indices': [39, 47]}]",['anxious'],📌,": Phil :6 Do not be about anything, but in every situation, by prayer and petition, with thanksgiving, present…",Phil :6 Do anything every situation prayer petition thanksgiving present…,"['phil', '6', 'do', 'anything', 'every', 'situation', 'prayer', 'petition', 'thanksgiving', 'present']","phil,6,do,anything,every,situation,prayer,petition,thanksgiving,present",0,0,0,0,0,1,0,0,0,0,0,0,0,0,0,0,0,1,1,angryclass
27450,1.2386878774306816e+18,Sat Mar 14 04:46:18 +0000 2020,#Bricolage #Face #Face mask take off the honey #Mask #Orange #Peel https://t.co/8UqFfbblJV,en,"[{'text': 'Bricolage', 'indices': [0, 10]}, {'text': 'Face', 'indices': [11, 16]}, {'text': 'Face', 'indices': [17, 22]}, {'text': 'Mask', 'indices': [47, 52]}, {'text': 'Orange', 'indices': [53, 60]}, {'text': 'Peel', 'indices': [61, 66]}]","['bricolage', 'face', 'face', 'mask', 'orange', 'peel']",,mask take off the honey,mask take honey,"['mask', 'take', 'honey']","mask,take,honey",0,0,0,0,0,1,0,0,0,0,0,0,0,0,0,0,0,1,1,angryclass
10657,1.2386143157179064e+18,Fri Mar 13 23:53:59 +0000 2020,The only thing that will ever fight for me ✊😤,en,[],[],✊😤,The only thing that will ever fight for me,The thing ever fight,"['the', 'thing', 'ever', 'fight']","the,thing,ever,fight",0,0,0,0,0,0,0,0,0,0,0,1,0,0,0,0,0,1,1,angryclass
11012,1.2386144502585795e+18,Fri Mar 13 23:54:31 +0000 2020,RT @PaulSan42117074: His brain has been in isolation for quite some time 🙄😒👱🏿‍♂️👎🏿🇨🇦👎🏿-19 crisis: Justin Trudeau to go into isolation for 1…,en,[],[],🙄😒👱🏿♂👎🏿🇨🇦👎🏿,: His brain has been in isolation for quite some time ‍️🇨🇦-19 crisis: Justin Trudeau to go into isolation for …,His brain isolation quite time ‍️🇨🇦-19 crisis Justin Trudeau go isolation …,"['his', 'brain', 'isolation', 'quite', 'time', 'crisis', 'justin', 'trudeau', 'go', 'isolation']","his,brain,isolation,quite,time,crisis,justin,trudeau,go,isolation",0,0,0,0,0,0,0,0,0,0,0,2,0,0,0,0,0,2,2,angryclass
19080,1.2386556391293379e+18,Sat Mar 14 02:38:12 +0000 2020,This thing better be under control time I ready to leave Bim #annoyed,en,"[{'text': 'annoyed', 'indices': [61, 69]}]",['annoyed'],,This thing better be under control time I ready to leave Bim,This thing better control time I ready leave Bim,"['this', 'thing', 'better', 'control', 'time', 'i', 'ready', 'leave', 'bim']","this,thing,better,control,time,i,ready,leave,bim",0,0,0,0,0,1,0,0,0,0,0,0,0,0,0,0,0,1,1,angryclass
12696,1.23861510862592e+18,Fri Mar 13 23:57:08 +0000 2020,@ncis4241 That mayor in Illinois signed an Executive Order and that was what is listed in it 🤬 tyranny at its worst… https://t.co/Z1Nkp8RTsN,en,[],[],🤬,That mayor in Illinois signed an Executive Order and that was what is listed in it 🤬 tyranny at its worst…,That mayor Illinois signed Executive Order listed 🤬 tyranny worst…,"['that', 'mayor', 'illinois', 'signed', 'executive', 'order', 'listed', 'tyranny', 'worst']","that,mayor,illinois,signed,executive,order,listed,tyranny,worst",0,0,0,0,0,0,0,0,0,0,0,1,0,0,0,0,0,1,1,angryclass
17556,1.2386170252930294e+18,Sat Mar 14 00:04:45 +0000 2020,i’m. tired. of. seeing. the. word. carona- (&amp; i cannot stress this enough) virus. 😤😤😤😤😤😤,en,[],[],😤😤😤😤😤😤,i’m. tired. of. seeing. the. word. carona- (&amp; i cannot stress this enough) virus.,’ tired seeing word carona- amp stress enough virus,"['tired', 'seeing', 'word', 'amp', 'stress', 'enough', 'virus']","tired,seeing,word,amp,stress,enough,virus",0,0,0,0,0,0,0,0,0,0,0,6,0,0,0,0,0,6,6,angryclass
9400,1.2386138382971003e+18,Fri Mar 13 23:52:06 +0000 2020,are you fucking kidding me now their putting releases on hold bc of this damn virus BYE IM QUITTING 😡,en,[],[],😡,are you fucking kidding me now their putting releases on hold bc of this damn virus BYE IM QUITTING,fucking kidding putting releases hold bc damn virus BYE IM QUITTING,"['fucking', 'kidding', 'putting', 'releases', 'hold', 'bc', 'damn', 'virus', 'bye', 'im', 'quitting']","fucking,kidding,putting,release,hold,bc,damn,virus,bye,im,quitting",0,0,0,0,0,0,0,0,0,0,0,1,0,0,0,0,0,1,1,angryclass
25063,1.2386779335119135e+18,Sat Mar 14 04:06:47 +0000 2020,"RT @firstseekHim: I #REJOICE DAILY! The #LIGHT in US has brought #ANGER, #JEALOUSY, etc. #withIN &amp; #OUTSIDE the church(#title or NOT). Reme…",en,"[{'text': 'REJOICE', 'indices': [20, 28]}, {'text': 'LIGHT', 'indices': [40, 46]}, {'text': 'ANGER', 'indices': [65, 71]}, {'text': 'JEALOUSY', 'indices': [73, 82]}, {'text': 'withIN', 'indices': [89, 96]}, {'text': 'OUTSIDE', 'indices': [103, 111]}, {'text': 'title', 'indices': [123, 129]}]","['rejoice', 'light', 'anger', 'jealousy', 'within', 'outside', 'title']",,": I DAILY! The in US has brought , , etc. &amp; the church( or NOT). Reme…",I DAILY The US brought etc amp church NOT Reme…,"['i', 'daily', 'the', 'us', 'brought', 'etc', 'amp', 'church', 'not', 'reme']","i,daily,the,u,brought,etc,amp,church,not,reme",0,0,0,0,0,1,0,0,0,0,0,0,0,0,0,0,0,1,1,angryclass
21205,1.2386627179107901e+18,Sat Mar 14 03:06:19 +0000 2020,@LamarStevens11 Was looking forward to u dropping 30 in first ncaa tourney game!  #depressed,en,"[{'text': 'depressed', 'indices': [82, 92]}]",['depressed'],,Was looking forward to u dropping in first ncaa tourney game!,Was looking forward u dropping first ncaa tourney game,"['was', 'looking', 'forward', 'u', 'dropping', 'first', 'ncaa', 'tourney', 'game']","wa,looking,forward,u,dropping,first,ncaa,tourney,game",0,0,0,0,0,1,0,0,0,0,0,0,0,0,0,0,0,1,1,angryclass
25052,1.238677867652944e+18,Sat Mar 14 04:06:31 +0000 2020,"#the strat
#mask for protection @ The STRAT Las Vegas https://t.co/qOT0YY1jqG",en,"[{'text': 'the', 'indices': [0, 4]}, {'text': 'mask', 'indices': [11, 16]}]","['the', 'mask']",,strat for protection The STRAT Las Vegas,strat protection The STRAT Las Vegas,"['strat', 'protection', 'the', 'strat', 'las', 'vegas']","strat,protection,the,strat,la,vega",0,0,0,0,0,1,0,0,0,0,0,0,0,0,0,0,0,1,1,angryclass
26154,1.2386822648143544e+18,Sat Mar 14 04:24:00 +0000 2020,I tried a new face mask and I swear it better not ruin this good skin streak I have going on. 😤,en,[],[],😤,I tried a new face mask and I swear it better not ruin this good skin streak I have going on.,I tried new face mask I swear better ruin good skin streak I going,"['i', 'tried', 'new', 'face', 'mask', 'i', 'swear', 'better', 'ruin', 'good', 'skin', 'streak', 'i', 'going']","i,tried,new,face,mask,i,swear,better,ruin,good,skin,streak,i,going",0,0,0,0,0,0,0,0,0,0,0,1,0,0,0,0,0,1,1,angryclass
16712,1.2386166985020457e+18,Sat Mar 14 00:03:27 +0000 2020,Lol leave it to me. The one person who wasn’t concerned one bit about this virus. To get it🤢🦠,en,[],[],🤢🦠,Lol leave it to me. The one person who wasn’t concerned one bit about this virus. To get it🤢🦠,Lol leave The one person ’ concerned one bit virus To get it🤢🦠,"['lol', 'leave', 'the', 'one', 'person', 'concerned', 'one', 'bit', 'virus', 'to', 'get', 'it']","lol,leave,the,one,person,concerned,one,bit,virus,to,get,it",0,0,0,0,0,0,0,0,0,0,0,1,0,0,0,0,0,1,1,angryclass
19649,1.2386575171791708e+18,Sat Mar 14 02:45:39 +0000 2020,"What...?? 
#KudaratiBiriyani finished...??
Please tell them ask for #KudaratiSenitizer and #Mask ....",en,"[{'text': 'KudaratiBiriyani', 'indices': [11, 28]}, {'text': 'KudaratiSenitizer', 'indices': [68, 86]}, {'text': 'Mask', 'indices': [91, 96]}]","['kudaratibiriyani', 'kudaratisenitizer', 'mask']",,What...?? finished...?? Please tell them ask for and ....,What ... finished ... Please tell ask ...,"['what', 'finished', 'please', 'tell', 'ask']","what,finished,please,tell,ask",0,0,0,0,0,1,0,0,0,0,0,0,0,0,0,0,0,1,1,angryclass
23219,1.23867022510259e+18,Sat Mar 14 03:36:09 +0000 2020,"#mask #masks #facemask #facemasks #口罩 #corona #covid19 #coronavirüsü #coronavirus 
Facemasks to order.（Hongkong）
Qu… https://t.co/gPav6n4pbl",en,"[{'text': 'mask', 'indices': [0, 5]}, {'text': 'masks', 'indices': [6, 12]}, {'text': 'facemask', 'indices': [13, 22]}, {'text': 'facemasks', 'indices': [23, 33]}, {'text': '口罩', 'indices': [34, 37]}, {'text': 'corona', 'indices': [38, 45]}, {'text': 'covid19', 'indices': [46, 54]}, {'text': 'coronavirüsü', 'indices': [55, 68]}, {'text': 'coronavirus', 'indices': [69, 81]}]","['mask', 'masks', 'facemask', 'facemasks', '口罩', 'corona', 'covid19', 'coronavirüsü', 'coronavirus']",,Facemasks to order.（Hongkong） Qu…,Facemasks order.（Hongkong） Qu…,"['facemasks', 'order', 'qu']","facemasks,order,qu",0,0,0,0,0,1,0,0,0,0,0,0,0,0,0,0,0,1,1,angryclass
20092,1.2386590205101711e+18,Sat Mar 14 02:51:38 +0000 2020,"RT @Lost789Boy: Why Flash look like a Power Ranger? 😤

Why Black Canary look like that? 😤

Why Cyborg look like tinfoil? 😤

Where’s Huntres…",en,[],[],😤😤😤,: Why Flash look like a Power Ranger? Why Black Canary look like that? Why Cyborg look like tinfoil? Where’s Huntres…,Why Flash look like Power Ranger Why Black Canary look like Why Cyborg look like tinfoil Where ’ Huntres…,"['why', 'flash', 'look', 'like', 'power', 'ranger', 'why', 'black', 'canary', 'look', 'like', 'why', 'cyborg', 'look', 'like', 'tinfoil', 'where', 'huntres']","why,flash,look,like,power,ranger,why,black,canary,look,like,why,cyborg,look,like,tinfoil,where,huntres",0,0,0,0,0,0,0,0,0,0,0,3,0,0,0,0,0,3,3,angryclass
